論文名稱,研究生,指導教授,校院名稱,系所名稱,學位類別,畢業學年度,論文出版年,引用網址,被引用,點閱,評分,下載,書目收藏
大考地理試題之空間思考和學生解題弱點分析,謝明清,賴進貴,國立臺灣大學,地理環境資源學研究所,碩士,105,2017,http://handle.ncl.edu.tw/11296/4k47cn,0,34,0,0,0
捷運對商業縉紳化之影響,楊舒涵,林楨家,國立臺灣大學,地理環境資源學研究所,碩士,105,2017,http://handle.ncl.edu.tw/11296/nxjqa5,0,50,0,0,1
建成環境對公共自行車使用時空型態之影響,劉鴻錡,林楨家,國立臺灣大學,地理環境資源學研究所,碩士,105,2017,http://handle.ncl.edu.tw/11296/hcpwsq,0,88,0,0,1
跨尺度分析與監測近熱帶人工林生長效應之研究,鍾智昕,黃倬英,國立臺灣大學,地理環境資源學研究所,博士,105,2017,http://handle.ncl.edu.tw/11296/uw836k,0,96,0,0,0
臺北市都市公園中地上與地下部交互作用與土壤生態功能運作之關係,謝嘉,李美慧,國立臺灣大學,地理環境資源學研究所,碩士,105,2017,http://handle.ncl.edu.tw/11296/378m6x,0,23,0,0,0
想像的「貢糖」體：金門邊界島嶼的多重想像與治理矛盾,盧怡文,簡旭伸,國立臺灣大學,地理環境資源學研究所,碩士,105,2017,http://handle.ncl.edu.tw/11296/k6j596,0,221,0,0,0
兩馬同春鬧元宵？馬祖飛地的認同／發展想像,黃開洋,徐進鈺,國立臺灣大學,地理環境資源學研究所,碩士,105,2017,http://handle.ncl.edu.tw/11296/r35tun,0,105,0,0,0
亞熱帶造山帶之化學風化及其控制因子,陳沛壕,"黃誌川
黃國芳",國立臺灣大學,地理環境資源學研究所,碩士,105,2017,http://handle.ncl.edu.tw/11296/99advp,0,19,0,0,0
應用類神經網路推估低緯度濕地二氧化碳通量變化,呂姿儀,莊振義,國立臺灣大學,地理環境資源學研究所,碩士,105,2017,http://handle.ncl.edu.tw/11296/wj469n,0,39,0,0,0
如何找路？覓路測試環境、路線知識、心理地理空間能力與覓路表現的關係,周峻民,賴進貴,國立臺灣大學,地理環境資源學研究所,碩士,105,2017,http://handle.ncl.edu.tw/11296/74t2sq,0,37,0,0,1
應用INCA-N模式模擬山地小集水區氮循環作用,呂孟璋,黃誌川,國立臺灣大學,地理環境資源學研究所,碩士,105,2017,http://handle.ncl.edu.tw/11296/9r3c5w,0,60,0,0,0
高美溼地遊憩承載力之評估,謝祥楷,李建堂,國立臺灣大學,地理環境資源學研究所,碩士,105,2017,http://handle.ncl.edu.tw/11296/3v6mve,0,237,0,0,0
由生態代謝理論之觀點推估近熱帶山地森林枯落物產量,胡愷庭,黃倬英,國立臺灣大學,地理環境資源學研究所,碩士,105,2017,http://handle.ncl.edu.tw/11296/mzugga,0,309,0,11,0
應用時空分析方法建立動態交通事故預警系統之研究,陳奎元,孫志鴻,國立臺灣大學,地理環境資源學研究所,碩士,105,2016,http://handle.ncl.edu.tw/11296/d98977,0,203,0,0,0
空間微觀模擬方法於微資料的人口特徵估計與空間結構的誤差分析,馮維義,溫在弘,國立臺灣大學,地理環境資源學研究所,碩士,105,2017,http://handle.ncl.edu.tw/11296/wf3ac6,0,171,0,0,0
原鄉茶事：梨山高山茶產業的原住民性,賴思妤,洪伯邑,國立臺灣大學,地理環境資源學研究所,碩士,105,2017,http://handle.ncl.edu.tw/11296/enxfs5,1,199,0,0,1
苑裡有機農業之動態在地實踐,陳莉靜,洪伯邑,國立臺灣大學,地理環境資源學研究所,碩士,105,2017,http://handle.ncl.edu.tw/11296/z88u32,0,139,0,0,0
「家」的保衛戰：都市非正式住居的認同展演,邱逸鈴,周素卿,國立臺灣大學,地理環境資源學研究所,碩士,105,2017,http://handle.ncl.edu.tw/11296/pden48,0,203,0,0,1
模擬台灣易山崩地區之崩塌面積及沉積物輸出,鄧澤揚,黃誌川,國立臺灣大學,地理環境資源學研究所,碩士,104,2016,http://handle.ncl.edu.tw/11296/27396m,0,129,0,0,0
從地緣政治到生命政治的邊界空間：以「珠海經濟特區、珠澳跨境工業區、橫琴新區」為例,鄭志豪,徐進鈺,國立臺灣大學,地理環境資源學研究所,碩士,104,2016,http://handle.ncl.edu.tw/11296/9cm9ga,0,76,0,0,0
危機事件衝擊下觀光地景脆弱性與回復力之研究：阿里山鄉山美村之個案,曹建宇,"賴進貴
倪進誠",國立臺灣大學,地理環境資源學研究所,博士,104,2016,http://handle.ncl.edu.tw/11296/sv9fcz,0,272,0,0,0
野柳地質公園經營管理成效評估,陳柏廷,李建堂,國立臺灣大學,地理環境資源學研究所,碩士,104,2016,http://handle.ncl.edu.tw/11296/sx8e6w,0,168,0,0,0
建成環境對公共自行車使用之影響,鄭雨桐,林楨家,國立臺灣大學,地理環境資源學研究所,碩士,104,2016,http://handle.ncl.edu.tw/11296/7utcpx,2,226,0,0,1
語意分析技術應用於遊記撰寫輔助系統之研究,朱華婧,朱子豪,國立臺灣大學,地理環境資源學研究所,碩士,104,2016,http://handle.ncl.edu.tw/11296/pdxng5,0,50,0,0,0
應用自發式地理資訊進行人群移動行為探究-以旅遊活動為例,陳明勳,蔡博文,國立臺灣大學,地理環境資源學研究所,碩士,104,2016,http://handle.ncl.edu.tw/11296/2z89ab,0,221,0,0,0
後社會主義中國基層治理的細碎化變革—以廈門海滄新城社區的網格化管理為例,梁鈞淳,簡旭伸,國立臺灣大學,地理環境資源學研究所,碩士,104,2016,http://handle.ncl.edu.tw/11296/5ae728,0,62,0,0,0
棲蘭霧林生態系統能量平衡年際與季節變化之研究,陳正諺,莊振義,國立臺灣大學,地理環境資源學研究所,碩士,104,2016,http://handle.ncl.edu.tw/11296/8p2pp6,0,40,0,0,0
光環境與夜間地景的塑成──以風神廟的燈光改造為例,吳蕙君,賴進貴,國立臺灣大學,地理環境資源學研究所,碩士,104,2016,http://handle.ncl.edu.tw/11296/ynb9z8,0,81,0,0,1
高中地理教科書空間思考內涵跨國分析比較-以氣候單元為例,吳智穎,賴進貴,國立臺灣大學,地理環境資源學研究所,碩士,104,2016,http://handle.ncl.edu.tw/11296/j6d65n,0,92,0,0,0
都市遊憩型自行車道路網規劃模式,廖敬而,林楨家,國立臺灣大學,地理環境資源學研究所,碩士,104,2016,http://handle.ncl.edu.tw/11296/3wbppm,0,90,0,0,0
「我有一個台灣夢」－旅台馬生來台升學決定過程及離台後之境遇,黃子健,姜蘭虹,國立臺灣大學,地理環境資源學研究所,碩士,104,2016,http://handle.ncl.edu.tw/11296/968323,0,373,0,0,1
都市運輸型自行車適騎性之評估方法,韋懿軒,林楨家,國立臺灣大學,地理環境資源學研究所,碩士,104,2016,http://handle.ncl.edu.tw/11296/qurez8,1,117,0,0,0
以區位觀點論臺灣陸域風力發電之適宜性,陳光祥,林俊全,國立臺灣大學,地理環境資源學研究所,碩士,104,2016,http://handle.ncl.edu.tw/11296/6vb4fx,0,76,0,0,0
建立傳染病傳播的個人暴露風險評估架構,許景舜,溫在弘,國立臺灣大學,地理環境資源學研究所,碩士,104,2016,http://handle.ncl.edu.tw/11296/u8ebk3,0,83,0,0,0
建築物室內的緊急醫療資源空間配置模型：以台大共同教室大樓佈署自動體外心臟電擊去顫器為例,王建閔,溫在弘,國立臺灣大學,地理環境資源學研究所,碩士,104,2016,http://handle.ncl.edu.tw/11296/m6vyzy,0,179,0,0,0
統計區分類系統發布層級評估,吳怡潔,蔡博文,國立臺灣大學,地理環境資源學研究所,碩士,104,2016,http://handle.ncl.edu.tw/11296/sft59s,0,66,0,0,0
埤塘的經營管理與蜻蛉目生物多樣性的關係,簡雯潔,李美慧,國立臺灣大學,地理環境資源學研究所,碩士,104,2016,http://handle.ncl.edu.tw/11296/6j8558,0,80,0,0,0
維護之重要：住宅綠建築的社會與技術特性,黃昱翔,周素卿,國立臺灣大學,地理環境資源學研究所,碩士,104,2016,http://handle.ncl.edu.tw/11296/7shnx2,0,121,0,0,2
文化生態系服務與人類福祉關係的研究,顏郁樺,李建堂,國立臺灣大學,地理環境資源學研究所,碩士,104,2016,http://handle.ncl.edu.tw/11296/9jvcx2,0,57,0,0,0
臺灣生態博物館發展機制之研究－以猴硐煤礦博物園區為例,劉鎮輝,王鑫,國立臺灣大學,地理環境資源學研究所,博士,104,2015,http://handle.ncl.edu.tw/11296/wv7g3a,4,479,0,0,2
看得見與看不見的地景：台灣高山農業的政治生態學,曾寶慧,洪伯邑,國立臺灣大學,地理環境資源學研究所,碩士,104,2016,http://handle.ncl.edu.tw/11296/3xteea,4,1812,0,174,0
想像的華人性：泰國北部二代雲南華人的認同政治,黃偉倫,洪伯邑,國立臺灣大學,地理環境資源學研究所,碩士,104,2016,http://handle.ncl.edu.tw/11296/843a99,1,405,0,0,0
從異域到茶鄉：泰北邊境的茶產業與地方浮現,許純鎰,洪伯邑,國立臺灣大學,地理環境資源學研究所,碩士,104,2016,http://handle.ncl.edu.tw/11296/dnhybq,0,921,0,106,1
「創新的傳統」：談臺灣茶與創意產業─誠品松菸書卷沏為例,韓季庭,洪伯邑,國立臺灣大學,地理環境資源學研究所,碩士,104,2016,http://handle.ncl.edu.tw/11296/b9fcy9,1,828,0,86,1
捷運對縉紳化的影響,鍾若晴,林楨家,國立臺灣大學,地理環境資源學研究所,碩士,103,2015,http://handle.ncl.edu.tw/11296/gp3vks,2,1198,0,0,0
家譜資料時空探索—以猶他家譜學會之台灣族譜目錄為例,邱淑敏,賴進貴,國立臺灣大學,地理環境資源學研究所,碩士,103,2015,http://handle.ncl.edu.tw/11296/q337m2,0,223,0,0,0
永和韓國街族裔經濟地景的轉型,陳靜雯,周素卿,國立臺灣大學,地理環境資源學研究所,碩士,103,2015,http://handle.ncl.edu.tw/11296/m9kxp5,0,256,0,0,0
景觀知覺資訊應用於景觀規劃之操作研究,王光宇,王鑫,國立臺灣大學,地理環境資源學研究所,博士,103,2015,http://handle.ncl.edu.tw/11296/g69hkt,0,159,0,0,0
金錢能買快樂嗎？個人、區域收入及快樂的多層次分析,林稚倫,賴進貴,國立臺灣大學,地理環境資源學研究所,碩士,103,2015,http://handle.ncl.edu.tw/11296/mbzy43,0,371,0,119,0
共享自行車系統對外國遊客城市旅遊滿意度的影響,陳暐婷,林楨家,國立臺灣大學,地理環境資源學研究所,碩士,103,2015,http://handle.ncl.edu.tw/11296/5ju9jv,0,224,0,0,1
以GIS融入地理教學提升高中生空間思考能力,王崇安,賴進貴,國立臺灣大學,地理環境資源學研究所,碩士,103,2015,http://handle.ncl.edu.tw/11296/8y4wjt,1,146,0,0,2
不同尺度台灣森林生物量與枯落物動態之分析,王雪卿,黃倬英,國立臺灣大學,地理環境資源學研究所,博士,103,2015,http://handle.ncl.edu.tw/11296/txfbzh,0,153,0,0,0
智慧社區公民治理之研究,王俞涵,孫志鴻,國立臺灣大學,地理環境資源學研究所,碩士,103,2015,http://handle.ncl.edu.tw/11296/bvs98w,0,264,0,0,1
中學地理教科書中全球教育內涵之跨國分析比較,蘇婷玉,賴進貴,國立臺灣大學,地理環境資源學研究所,碩士,103,2015,http://handle.ncl.edu.tw/11296/f5tuz7,1,110,0,0,1
近代台灣湖泊沉積物紀錄與環境事件關聯之研究,陳歆穎,林俊全,國立臺灣大學,地理環境資源學研究所,碩士,103,2015,http://handle.ncl.edu.tw/11296/9t6rz3,0,193,0,0,0
探索臺灣鄉鎮市區死亡率與環境脈絡的關係,林淑君,賴進貴,國立臺灣大學,地理環境資源學研究所,碩士,103,2015,http://handle.ncl.edu.tw/11296/tc4ah3,0,95,0,0,1
展演「C／娘」的音樂文化：台北同志夜店G Star男同志的身分建構與性／別政治,賴彥甫,黃宗儀,國立臺灣大學,地理環境資源學研究所,碩士,103,2015,http://handle.ncl.edu.tw/11296/r7f7sv,0,602,0,0,0
社區環境教育發展基礎探討-苗栗塭內社區的案例分析,吳岱瑾,蔡博文,國立臺灣大學,地理環境資源學研究所,碩士,103,2014,http://handle.ncl.edu.tw/11296/7nyrqv,2,248,0,0,0
應用超低頻電磁波遙測技術於地震前兆分析—以台灣為例,詹竣翔,"朱子豪
吳俊輝",國立臺灣大學,地理環境資源學研究所,碩士,103,2015,http://handle.ncl.edu.tw/11296/t795a2,0,271,0,59,0
緊急救護需求影響因素：新北市之實證研究,林登港,林楨家,國立臺灣大學,地理環境資源學研究所,碩士,103,2015,http://handle.ncl.edu.tw/11296/j78mcp,3,463,5,136,0
當代中國都市棕地治理與空間轉化—以廣州為個案,邱奕鈞,簡旭伸,國立臺灣大學,地理環境資源學研究所,碩士,102,2014,http://handle.ncl.edu.tw/11296/f4rbt3,2,214,0,0,1
桃園航空城規劃過程之治理性分析,李沛樺,周素卿,國立臺灣大學,地理環境資源學研究所,碩士,102,2014,http://handle.ncl.edu.tw/11296/hza29f,2,611,0,0,0
以時空模型為基礎客製化旅遊行程決策支援系統,錢浩瀚,朱子豪,國立臺灣大學,地理環境資源學研究所,碩士,102,2014,http://handle.ncl.edu.tw/11296/7u6nr7,0,177,0,0,1
基於多準則決策方法之綠道網絡規劃模式,黃越,林楨家,國立臺灣大學,地理環境資源學研究所,碩士,102,2014,http://handle.ncl.edu.tw/11296/dnn2b7,0,113,0,0,1
空間思考能力量表評析與編製,吳慶燁,賴進貴,國立臺灣大學,地理環境資源學研究所,碩士,102,2014,http://handle.ncl.edu.tw/11296/rwr7cr,0,326,0,0,0
工作可及性對集合住宅租賃價格的影響,鄭羽竣,林楨家,國立臺灣大學,地理環境資源學研究所,碩士,102,2014,http://handle.ncl.edu.tw/11296/z78a5e,0,163,0,0,0
市場化與社會技術裝配：臺灣電子廢棄物的流通與交換,廖昱凱,周素卿,國立臺灣大學,地理環境資源學研究所,碩士,102,2014,http://handle.ncl.edu.tw/11296/ydsx5d,0,263,0,0,0
直轄市區級空間治理之研究,黃建銘,簡旭伸,國立臺灣大學,地理環境資源學研究所,碩士,102,2014,http://handle.ncl.edu.tw/11296/ypdjav,4,329,0,0,1
基隆和平島公園地形景點評估之研究,陳孜鴻,林俊全,國立臺灣大學,地理環境資源學研究所,碩士,102,2014,http://handle.ncl.edu.tw/11296/e6yhy3,0,288,0,0,0
以淹水模式評估保水減洪策略之成效-臺中市筏子溪流域個案研究,陳建智,孫志鴻,國立臺灣大學,地理環境資源學研究所,碩士,102,2014,http://handle.ncl.edu.tw/11296/zk4sw4,2,183,0,0,1
臺灣代理教師分布差異之空間分析與原因探討,陳品傑,賴進貴,國立臺灣大學,地理環境資源學研究所,碩士,102,2014,http://handle.ncl.edu.tw/11296/bht8db,6,401,0,0,2
應用最佳覓食理論分析連續竊盜犯的空間移動型態,曾意翔,溫在弘,國立臺灣大學,地理環境資源學研究所,碩士,102,2014,http://handle.ncl.edu.tw/11296/tev47p,0,149,0,0,0
電影作為同志運動媒介之策略與侷限：論周美玲的彩虹三部曲,林柔漪,黃宗儀,國立臺灣大學,地理環境資源學研究所,碩士,102,2014,http://handle.ncl.edu.tw/11296/2c8dc5,0,755,0,0,0
分析都市道路網絡的連結關係於評估交通衝擊地區,賴佩均,溫在弘,國立臺灣大學,地理環境資源學研究所,碩士,102,2014,http://handle.ncl.edu.tw/11296/ba44jh,0,136,0,0,0
地方開放創新系統下的鄉村發展新活路：竹山小鎮文創公司與地方社會經濟的建構,王維綱,周素卿,國立臺灣大學,地理環境資源學研究所,碩士,102,2014,http://handle.ncl.edu.tw/11296/c673bv,3,478,0,0,0
境外移入病例與社會人口因子在登革熱疫情空間擴散的角色,蔡介庭,溫在弘,國立臺灣大學,地理環境資源學研究所,碩士,102,2014,http://handle.ncl.edu.tw/11296/7v55ba,0,245,0,0,0
應用時空分析方法於環境公害陳情案件之研究,周羚翔,賴進貴,國立臺灣大學,地理環境資源學研究所,碩士,102,2014,http://handle.ncl.edu.tw/11296/2yq4kq,0,130,0,0,0
從臺灣農村民宿女主人談農村婦女的生命經驗與賦權,張暐舜,黃宗儀,國立臺灣大學,地理環境資源學研究所,碩士,102,2014,http://handle.ncl.edu.tw/11296/68uvu6,2,223,0,0,0
從冷戰孤島到兩岸節點？金門高粱酒的跨域流動之前哨意義再生產,游智凱,黃宗儀,國立臺灣大學,地理環境資源學研究所,碩士,102,2014,http://handle.ncl.edu.tw/11296/pj7tat,0,567,0,0,0
風化泥岩的水力侵蝕過程與機制,楊啟見,林俊全,國立臺灣大學,地理環境資源學研究所,碩士,102,2014,http://handle.ncl.edu.tw/11296/n9s495,1,182,0,0,0
利用適地性服務建構行動空氣品質預警系統,簡玉鳳,蔡博文,國立臺灣大學,地理環境資源學研究所,碩士,102,2014,http://handle.ncl.edu.tw/11296/5f2va5,2,156,0,0,0
生活風格遷移研究：苗栗「三義藝術村」居民自我認同與地方感,張詞詠,姜蘭虹,國立臺灣大學,地理環境資源學研究所,碩士,102,2014,http://handle.ncl.edu.tw/11296/ud6q64,2,266,0,0,2
台灣搖滾樂反抗論述的音樂場景分析：Live House 音樂展演空間、社會運動、音樂祭,馬詩瑜,黃宗儀,國立臺灣大學,地理環境資源學研究所,碩士,102,2013,http://handle.ncl.edu.tw/11296/8rmahm,3,857,0,0,2
資訊圖像於地圖設計之應用,王怡人,賴進貴,國立臺灣大學,地理環境資源學研究所,碩士,102,2014,http://handle.ncl.edu.tw/11296/y9u683,1,484,0,0,2
試論中介組織對民眾參與中資訊傳遞的效果─以國際水利環境學院(TIIWE)於嘉義東石進行之民眾參與為例,蕭彗岑,孫志鴻,國立臺灣大學,地理環境資源學研究所,碩士,102,2014,http://handle.ncl.edu.tw/11296/bb237s,1,126,0,0,0
城市音樂生活與政治之研究-以臺北市街頭音樂為個案,陳曉偉,張長義,國立臺灣大學,地理環境資源學研究所,博士,102,2013,http://handle.ncl.edu.tw/11296/aksnzj,1,375,0,0,0
考量地理特性的PageRank演算法:評估地理網絡節點之重要性,陳威全,溫在弘,國立臺灣大學,地理環境資源學研究所,碩士,101,2013,http://handle.ncl.edu.tw/11296/ew7v3f,0,205,0,0,0
香港地質公園地質旅遊發展之評估,張啟昕,李建堂,國立臺灣大學,地理環境資源學研究所,碩士,101,2013,http://handle.ncl.edu.tw/11296/s96kt2,2,272,0,0,0
兩岸空運直航與桃園機場競爭力變遷,傅敬堯,林楨家,國立臺灣大學,地理環境資源學研究所,碩士,101,2013,http://handle.ncl.edu.tw/11296/ft897g,1,299,0,0,1
影響個體水災調適行為因素之研究,王韋超,蔡博文,國立臺灣大學,地理環境資源學研究所,碩士,101,2013,http://handle.ncl.edu.tw/11296/6tqcdc,6,213,0,0,0
以私部門觀點探討區段徵收之「公益性與必要性」研究--高雄市鳳山區五甲農業區案例分析--,顏光儀,孫志鴻,國立臺灣大學,地理環境資源學研究所,碩士,101,2013,http://handle.ncl.edu.tw/11296/wu4ezg,1,221,0,0,1
通學運具對兒童空間認知的影響,方若庭,林楨家,國立臺灣大學,地理環境資源學研究所,碩士,101,2013,http://handle.ncl.edu.tw/11296/ygs483,0,239,0,0,1
台北市犯罪現象之時空分析,邱奕堯,賴進貴,國立臺灣大學,地理環境資源學研究所,碩士,101,2013,http://handle.ncl.edu.tw/11296/9vbdxa,2,284,0,0,0
兒童通學方式對社會網絡之影響—新北市國小學童之實證分析,鄭仲婷,林楨家,國立臺灣大學,地理環境資源學研究所,碩士,101,2013,http://handle.ncl.edu.tw/11296/3gb428,0,139,0,0,2
環境解說影響遊憩體驗與滿意度效果之研究—以野柳地質公園為例,呂宜珮,朱子豪,國立臺灣大學,地理環境資源學研究所,碩士,101,2013,http://handle.ncl.edu.tw/11296/96wuny,1,542,0,0,1
觀光吸引力對航空旅運需求之影響－以台灣為例,林佳蓉,朱子豪,國立臺灣大學,地理環境資源學研究所,碩士,101,2013,http://handle.ncl.edu.tw/11296/j72c78,3,281,0,0,0
都市垃圾車之收集路線與停點規劃模式,薛雅之,林楨家,國立臺灣大學,地理環境資源學研究所,碩士,101,2013,http://handle.ncl.edu.tw/11296/36g3j2,0,159,0,0,0
原住民族部落自然資源治理的社會網絡與人地關係：台灣花蓮縣銅門村溪流保育與推動慕谷慕魚自然人文生態景觀區為例,林貝珊,張長義,國立臺灣大學,地理環境資源學研究所,博士,101,2013,http://handle.ncl.edu.tw/11296/2p8r84,2,848,0,0,2
主題式網路地圖的易用性分析,蔡育棋,賴進貴,國立臺灣大學,地理環境資源學研究所,碩士,101,2013,http://handle.ncl.edu.tw/11296/vpz94c,0,224,0,0,0
建立追蹤傳染病群聚擴散過程的時空模式,王逸翔,溫在弘,國立臺灣大學,地理環境資源學研究所,碩士,101,2013,http://handle.ncl.edu.tw/11296/22wmy7,0,250,0,0,0
社區的公眾參與─花蓮豐南社區重點部落計畫探討,何亞凡,蔡博文,國立臺灣大學,地理環境資源學研究所,碩士,101,2013,http://handle.ncl.edu.tw/11296/qajwra,0,214,0,0,1
PPGIS促進溝通之成效-美濃國家自然公園案例分析,林書楷,蔡博文,國立臺灣大學,地理環境資源學研究所,碩士,101,2013,http://handle.ncl.edu.tw/11296/2dr892,5,223,0,0,0
GIS輔助高中河川地形教學適用性評估,許曉平,蔡博文,國立臺灣大學,地理環境資源學研究所,碩士,101,2013,http://handle.ncl.edu.tw/11296/sjj7n5,1,157,0,0,1
學校可及性對高中學生學習表現之影響─桃園縣之實證分析,謝育惠,林楨家,國立臺灣大學,地理環境資源學研究所,碩士,101,2013,http://handle.ncl.edu.tw/11296/j49p97,0,172,0,0,0
從日月潭井樣物化性質論萬餘年來之環境變遷,劉時宏,林俊全,國立臺灣大學,地理環境資源學研究所,碩士,101,2013,http://handle.ncl.edu.tw/11296/jtya5y,0,278,0,0,0
後發展型國家的服務業跨界：以台灣建築師在中國為例,杜宗熹,簡旭伸,國立臺灣大學,地理環境資源學研究所,碩士,101,2013,http://handle.ncl.edu.tw/11296/3968ds,1,306,0,0,3
臺灣山地集水區河川流量特徵變化：以觀測與模式取徑分析,李俊逸,黃誌川,國立臺灣大學,地理環境資源學研究所,碩士,101,2013,http://handle.ncl.edu.tw/11296/x38egj,1,411,0,92,0
建構知識導向為基礎的地理資訊網路架構應用於空間決策支援系統之研究,榮峻德,孫志鴻,國立臺灣大學,地理環境資源學研究所,博士,101,2013,http://handle.ncl.edu.tw/11296/aqzw94,0,403,0,0,0
互花米草在關渡自然保留區的擴散評估與模擬,徐詩芸,李美慧,國立臺灣大學,地理環境資源學研究所,碩士,101,2013,http://handle.ncl.edu.tw/11296/hs8tah,1,434,0,0,0
澎湖桶盤嶼地質公園基準資料庫建置之研究,關德倫,林俊全,國立臺灣大學,地理環境資源學研究所,碩士,101,2013,http://handle.ncl.edu.tw/11296/g646s6,0,123,0,0,0
中國地方政府急躁土地開發的制度分析——一個時空修補的面向,黃志清,簡旭伸,國立臺灣大學,地理環境資源學研究所,碩士,101,2013,http://handle.ncl.edu.tw/11296/e92m7h,1,313,0,0,0
地景特質評估在高中地理教學之應用---以基隆市和平島公園為例,林心捷,林俊全,國立臺灣大學,地理環境資源學研究所,碩士,101,2013,http://handle.ncl.edu.tw/11296/znvbfj,1,246,0,0,1
探究國高中地理教材之空間思維能力銜接,黃淳鈴,賴進貴,國立臺灣大學,地理環境資源學研究所,碩士,100,2012,http://handle.ncl.edu.tw/11296/6uukc7,4,431,0,0,1
後結構地理學取徑下的鄉村空間過程：以「歷坵小農復耕行動」為例,徐肇尉,徐進鈺,國立臺灣大學,地理環境資源學研究所,碩士,100,2012,http://handle.ncl.edu.tw/11296/4up73v,4,487,0,0,1
使用GPS軌跡資料推估遊客空間分布—以野柳地質公園為例,胡英浩,朱子豪,國立臺灣大學,地理環境資源學研究所,碩士,100,2012,http://handle.ncl.edu.tw/11296/g983eh,0,398,0,0,0
保護區的跨界利益：臺灣設立國家公園的政治生態學與權益關係人分析,徐旭誠,林俊全教授,國立臺灣大學,地理環境資源學研究所,博士,100,2012,http://handle.ncl.edu.tw/11296/43a766,4,391,0,0,1
整合性海岸地區管理評估指標之研究：以台灣為例,尚榮康,張長義,國立臺灣大學,地理環境資源學研究所,博士,100,2012,http://handle.ncl.edu.tw/11296/s4gkf6,1,314,0,0,1
城市綠色空間治理：台北城的綠化策略與景觀活化,王資閔,周素卿,國立臺灣大學,地理環境資源學研究所,碩士,100,2012,http://handle.ncl.edu.tw/11296/w32jun,1,565,0,0,3
運用公眾參與地理資訊系統建構國小鄉土教學資源,林峻有,蔡博文,國立臺灣大學,地理環境資源學研究所,碩士,100,2012,http://handle.ncl.edu.tw/11296/6y5kn4,0,201,0,0,0
大安溪峽谷河川地形變遷之研究,陳宣安,林俊全,國立臺灣大學,地理環境資源學研究所,碩士,100,2012,http://handle.ncl.edu.tw/11296/ary92r,3,394,0,0,1
空間的政治權力爭奪─台北松山機場的空間政治,李宛儒,徐進鈺,國立臺灣大學,地理環境資源學研究所,碩士,100,2012,http://handle.ncl.edu.tw/11296/dsqngp,1,846,0,0,0
利用物件式分類技術建立都市景觀格局分析資料--以臺北市南港、內湖區為例,王祖修,朱子豪,國立臺灣大學,地理環境資源學研究所,碩士,100,2012,http://handle.ncl.edu.tw/11296/s7vgd8,1,203,5,0,0
邁向企業城市？台北市產業發展與都市再發展的政策與實質,王建今,徐進鈺,國立臺灣大學,地理環境資源學研究所,碩士,100,2012,http://handle.ncl.edu.tw/11296/6uwjph,2,267,0,0,1
居住城市的權利: 台北市華光社區的都市民族誌研究,蔡敏真,黃宗儀,國立臺灣大學,地理環境資源學研究所,碩士,100,2012,http://handle.ncl.edu.tw/11296/rk4h9f,3,1067,0,0,0
空間資料挖掘方法應用於農地土壤鎘污染潛勢場址研究－以彰化地區為例,陳依婕,朱子豪,國立臺灣大學,地理環境資源學研究所,碩士,100,2012,http://handle.ncl.edu.tw/11296/bwfk9e,0,148,0,0,0
運用物件導向影像處理方法於崩塌製圖研究台灣白石集水區的個案,胡笙,張康聰,國立臺灣大學,地理環境資源學研究所,博士,100,2012,http://handle.ncl.edu.tw/11296/54df8m,1,143,0,0,0
都市擴張模式-SLEUTH 應用於台灣的校準,田智瑾,莊振義,國立臺灣大學,地理環境資源學研究所,碩士,100,2012,http://handle.ncl.edu.tw/11296/2hwjaj,0,203,0,0,0
大氣穩定度對不同地表類型之可感熱通量擴尺度研究,范釗榮,莊振義,國立臺灣大學,地理環境資源學研究所,碩士,100,2012,http://handle.ncl.edu.tw/11296/jb56n2,0,155,0,0,0
自發性地理資訊在救災應變的效能與空間特性─以莫拉克風災網路災情平台為例,吳郁玶,周素卿,國立臺灣大學,地理環境資源學研究所,碩士,100,2012,http://handle.ncl.edu.tw/11296/44gq95,3,383,0,0,1
從大學考試中心試題探究高中生空間思維能力,廖淑雯,賴進貴,國立臺灣大學,地理環境資源學研究所,碩士,100,2012,http://handle.ncl.edu.tw/11296/w2mck2,0,279,0,0,0
自行車通勤政策的轉借與實踐──以台北為例,洪偉傑,黃宗儀,國立臺灣大學,地理環境資源學研究所,碩士,100,2012,http://handle.ncl.edu.tw/11296/7t349u,3,474,0,0,0
以歷史GIS觀點重建臺灣日治時期行政區域,黃偉嘉,賴進貴,國立臺灣大學,地理環境資源學研究所,碩士,100,2012,http://handle.ncl.edu.tw/11296/v77dz6,0,420,0,0,1
高中地理老師GIS研習參與情形之社會網絡研究,何家源,賴進貴,國立臺灣大學,地理環境資源學研究所,碩士,100,2012,http://handle.ncl.edu.tw/11296/5vr7k9,2,281,0,0,5
人為干擾對麻雀驚飛距離之影響,林彥伶,李美慧,國立臺灣大學,地理環境資源學研究所,碩士,100,2012,http://handle.ncl.edu.tw/11296/ffds72,1,526,0,0,2
跨國援助災後重建下的空間社會－印尼亞齊「中國－印尼友誼村」,康嘉芬,簡旭伸,國立臺灣大學,地理環境資源學研究所,碩士,100,2012,http://handle.ncl.edu.tw/11296/689972,0,309,0,0,1
礫石邊坡地形變遷特性之研究－以地面三維雷射掃描儀為例,張祖達,林俊全,國立臺灣大學,地理環境資源學研究所,碩士,100,2012,http://handle.ncl.edu.tw/11296/555wnn,6,128,0,0,0
城市在漂綠─從台北好好看系列二政策看當代都市自然的社會建構,陳盈秀,周素卿,國立臺灣大學,地理環境資源學研究所,碩士,100,2012,http://handle.ncl.edu.tw/11296/6mnpdx,5,509,0,0,0
應用地理剖繪分析臺北地區連續住宅竊盜的距離遞減型態與錨點的空間預測,林俞君,溫在弘,國立臺灣大學,地理環境資源學研究所,碩士,100,2012,http://handle.ncl.edu.tw/11296/5z7647,4,434,0,0,0
文化經濟與地方再生：艋舺街區形塑中的懷舊經濟與發展衝突,王瑋霙,周素卿,國立臺灣大學,地理環境資源學研究所,碩士,100,2012,http://handle.ncl.edu.tw/11296/3rxmk2,3,994,5,0,0
宜居城市的文化政治－以新北市永和為例,葉又華,黃宗儀,國立臺灣大學,地理環境資源學研究所,碩士,100,2012,http://handle.ncl.edu.tw/11296/df8nd3,1,526,0,0,2
探索空間正義─以台北大巨蛋興建爭議為例,詹竣傑,徐進鈺,國立臺灣大學,地理環境資源學研究所,碩士,100,2012,http://handle.ncl.edu.tw/11296/c234t5,3,1475,0,0,0
高中職教師GIS研習推廣之探索性研究,陳韋任,賴進貴,國立臺灣大學,地理環境資源學研究所,碩士,99,2011,http://handle.ncl.edu.tw/11296/ukjg4r,0,152,1,0,1
綠色都市主義、水岸再生與都市治理-以新北市中港大排河廊改造工程為例,黃妤婕,周素卿,國立臺灣大學,地理環境資源學研究所,碩士,99,2011,http://handle.ncl.edu.tw/11296/ampq74,2,1008,0,0,1
鐵路車站旅客運輸需求之實證性研究-地理加權迴歸之應用,楊孝博,賴進貴,國立臺灣大學,地理環境資源學研究所,碩士,99,2011,http://handle.ncl.edu.tw/11296/yy72g4,5,444,0,0,0
全球化城市的跨界想像：從當代臺北城市書寫談起,黃正嘉,黃宗儀,國立臺灣大學,地理環境資源學研究所,碩士,99,2011,http://handle.ncl.edu.tw/11296/7p58y6,3,738,0,0,3
「地方」的探究─網路相片的分析取徑,許鈺苓,蔡博文,國立臺灣大學,地理環境資源學研究所,碩士,99,2011,http://handle.ncl.edu.tw/11296/2vxp6g,0,360,0,0,1
能源生態效益與農地生態服務研究：以三篇生態經濟學文章闡述,劉彥蘭,張康聰,國立臺灣大學,地理環境資源學研究所,博士,99,2011,http://handle.ncl.edu.tw/11296/c2a42t,1,251,0,0,1
跨尺度估測台灣森林生物量,鐘婉瑜,黃倬英,國立臺灣大學,地理環境資源學研究所,碩士,99,2011,http://handle.ncl.edu.tw/11296/87a58y,0,199,0,0,0
商業仕紳化下的地方認同重組：以師大商圈的「文化活水」與「文藝青年」為例,賴柏志,周素卿,國立臺灣大學,地理環境資源學研究所,碩士,99,2011,http://handle.ncl.edu.tw/11296/xkfd65,13,2819,0,195,1
社區本位生態旅遊之發展歷程探討,廖婉儒,朱子豪,國立臺灣大學,地理環境資源學研究所,碩士,99,2011,http://handle.ncl.edu.tw/11296/3gqhvn,4,305,0,0,3
光學式衛星影像雲層處理之研究,徐逸祥,朱子豪,國立臺灣大學,地理環境資源學研究所,博士,99,2011,http://handle.ncl.edu.tw/11296/zcg46t,0,233,0,0,0
古地圖平面幾何精確性之研究：以淡新檔案地圖為例,黃亞妮,賴進貴,國立臺灣大學,地理環境資源學研究所,碩士,99,2011,http://handle.ncl.edu.tw/11296/dw8873,1,289,0,0,2
公平正義與商品消費─臺灣公平貿易咖啡的救贖與限制,溫佳芸,徐進鈺,國立臺灣大學,地理環境資源學研究所,碩士,99,2011,http://handle.ncl.edu.tw/11296/p983c2,9,836,0,0,2
人類活動對岩岸潮間帶附著生物的影響,李宗翰,李美慧,國立臺灣大學,地理環境資源學研究所,碩士,99,2011,http://handle.ncl.edu.tw/11296/65nmep,2,395,0,0,0
流域集水區人類與環境系統脆弱性分析架構之建立：台灣新竹縣尖石鄉大漢溪上游石門水庫集水區泰雅族部落為例,林冠慧,張長義,國立臺灣大學,地理環境資源學研究所,博士,99,2011,http://handle.ncl.edu.tw/11296/ag4nt4,6,560,0,0,5
臺灣總統選舉的地理脈絡,葉高華,賴進貴,國立臺灣大學,地理環境資源學研究所,博士,99,2011,http://handle.ncl.edu.tw/11296/3j2gq4,7,424,0,0,1
以時空加權迴歸模型探索地域犯罪機制的時空變異性,游柏輝,賴進貴,國立臺灣大學,地理環境資源學研究所,碩士,99,2011,http://handle.ncl.edu.tw/11296/c4w7j4,0,280,0,0,0
應用無控制點有理函式提升衛星影像幾何校正之精度研究,黃俊豪,朱子豪,國立臺灣大學,地理環境資源學研究所,碩士,99,2011,http://handle.ncl.edu.tw/11296/539vac,0,156,0,0,0
人口旅運動態與登革熱傳播的時空分析,黃宜庭,溫在弘,國立臺灣大學,地理環境資源學研究所,碩士,99,2011,http://handle.ncl.edu.tw/11296/wc45s6,1,341,0,0,1
Tropical Cyclone Sudden Track Change Detection by Best-Track Data and Satellite Imagery Evaluation,古卡茲,朱子豪,國立臺灣大學,地理環境資源學研究所,碩士,99,2011,http://handle.ncl.edu.tw/11296/kcf44b,0,113,0,0,0
以區域構成中國：由地理學角度探討澳大利亞的Provincial China研究,劉令名,簡旭伸,國立臺灣大學,地理環境資源學研究所,碩士,99,2010,http://handle.ncl.edu.tw/11296/6b39fp,1,152,0,0,0
從基測試題探究國中生地圖能力,張維婷,賴進貴,國立臺灣大學,地理環境資源學研究所,碩士,99,2011,http://handle.ncl.edu.tw/11296/x6b658,7,314,0,0,0
3D GIS在都市建築之應用－以太陽光電模板最佳架設位置為例,蔣佳霓,孫志鴻,國立臺灣大學,地理環境資源學研究所,碩士,99,2011,http://handle.ncl.edu.tw/11296/428w44,1,312,0,0,1
中國農村鋼琴製造群聚的生產網絡與商品鏈：以浙江省洛舍鎮為例,何榆,簡旭伸,國立臺灣大學,地理環境資源學研究所,碩士,99,2011,http://handle.ncl.edu.tw/11296/js932p,0,242,0,0,0
應用網路GIS於高中地理教學之研究,洪挺晏,賴進貴,國立臺灣大學,地理環境資源學研究所,碩士,99,2011,http://handle.ncl.edu.tw/11296/p76wxj,6,379,0,0,4
地理視覺化輔助的空間知識探索－台北市交通流量的個案分析,陳致元,朱子豪,國立臺灣大學,地理環境資源學研究所,博士,99,2010,http://handle.ncl.edu.tw/11296/6336h8,1,334,0,0,2
多重災害模擬-崩塌誘發及土石流,姜壽浩,張康聰,國立臺灣大學,地理環境資源學研究所,博士,98,2010,http://handle.ncl.edu.tw/11296/huctue,0,455,0,0,0
國家轉型下的空間重塑─以高雄港區發展為例,謝承霖,徐進鈺,國立臺灣大學,地理環境資源學研究所,碩士,98,2010,http://handle.ncl.edu.tw/11296/g576ut,2,551,0,0,3
運用空間資訊技術在社區監測─以宜蘭縣無尾港鳥類調查為例,林雅,蔡博文,國立臺灣大學,地理環境資源學研究所,碩士,98,2010,http://handle.ncl.edu.tw/11296/xgc74z,4,269,0,0,0
3D Web GIS 空間決策支援系統之開發-以台灣道路交通噪音預測為例,沈俊祺,孫志鴻,國立臺灣大學,地理環境資源學研究所,碩士,98,2010,http://handle.ncl.edu.tw/11296/h4feht,2,511,0,0,2
高中地理資訊教學之分析－教師能力與限制,莊婉瑩,賴進貴,國立臺灣大學,地理環境資源學研究所,碩士,98,2010,http://handle.ncl.edu.tw/11296/puwss7,8,315,0,0,2
旅遊行程規劃模式與系統之建置－以台北市為起點之旅遊為例,楊郁樓,朱子豪,國立臺灣大學,地理環境資源學研究所,碩士,98,2010,http://handle.ncl.edu.tw/11296/qbg3u8,9,2088,0,0,1
台灣西部傳統零售市場選址之研究—以童裝成衣業為例,吳淑淨,張長義,國立臺灣大學,地理環境資源學研究所,碩士,98,2010,http://handle.ncl.edu.tw/11296/5s9r5d,4,400,0,0,1
台灣地區國中生通學情形之空間分析,蔡淳昱,賴進貴,國立臺灣大學,地理環境資源學研究所,碩士,98,2010,http://handle.ncl.edu.tw/11296/v7tsw2,2,236,0,0,2
利用行動者網絡理論檢視公眾參與地理資訊系統-以美濃黃蝶翠谷為案例,鍾明光,蔡博文,國立臺灣大學,地理環境資源學研究所,碩士,98,2010,http://handle.ncl.edu.tw/11296/zks56j,7,594,0,0,1
互動式地理資訊平臺應用於國小校外教學之研究,巫吉玲,賴進貴,國立臺灣大學,地理環境資源學研究所,碩士,98,2010,http://handle.ncl.edu.tw/11296/cu3vvp,6,238,0,0,3
「流動資本、可移動勞工與經濟地理」之研究,陳清目,張康聰,國立臺灣大學,地理環境資源學研究所,博士,98,2010,http://handle.ncl.edu.tw/11296/h9gt9b,0,221,0,0,0
主題旅遊之遊程適宜性評估--以東北角海岸國家風景區遊程為例,陳右融,朱子豪,國立臺灣大學,地理環境資源學研究所,碩士,98,2010,http://handle.ncl.edu.tw/11296/92rem6,0,533,0,0,0
全球暖化識覺及調適行為之跨國比較研究—以台灣大學與奧斯陸大學學生為例,游哲遠,張長義,國立臺灣大學,地理環境資源學研究所,碩士,98,2010,http://handle.ncl.edu.tw/11296/crmzue,4,513,4,0,2
以生態旅遊為部落營造策略之機會與挑戰—以墾丁國家公園社頂部落為例,廖宜雰,張長義,國立臺灣大學,地理環境資源學研究所,碩士,98,2010,http://handle.ncl.edu.tw/11296/4mm4xe,3,415,0,0,0
應用衛星影像探析土地利用型態與崩塌之關聯性─以臺北地區為個案研究,林智勇,朱子豪,國立臺灣大學,地理環境資源學研究所,碩士,98,2010,http://handle.ncl.edu.tw/11296/49r758,0,226,0,0,0
地理資訊系統計畫之行動者網絡分析-國土利用調查個案,翁螢朱,蔡博文,國立臺灣大學,地理環境資源學研究所,碩士,98,2010,http://handle.ncl.edu.tw/11296/2266tj,1,322,0,0,1
PPGIS作為公共領域媒介的矛盾與限制—以台灣鄉村地區一個案為例,錢克瑄,孫志鴻,國立臺灣大學,地理環境資源學研究所,碩士,98,2010,http://handle.ncl.edu.tw/11296/6232g7,2,396,0,0,0
水岸自行車專用道評估研究－以淡水自行車道爲例,林嘉偉,朱子豪,國立臺灣大學,地理環境資源學研究所,碩士,98,2010,http://handle.ncl.edu.tw/11296/6b2233,2,624,0,0,3
山坡地區森林次冠層通量特徵之研究,洪敏勝,莊振義,國立臺灣大學,地理環境資源學研究所,碩士,98,2010,http://handle.ncl.edu.tw/11296/32p7k2,3,253,0,0,0
國、高中地圖知能銜接之研究,游秀美,賴進貴,國立臺灣大學,地理環境資源學研究所,碩士,98,2010,http://handle.ncl.edu.tw/11296/hu38nz,8,231,0,0,0
重思治理術與日常生活實踐：以樂生/新莊對立語境為例,姚耀婷,黃宗儀,國立臺灣大學,地理環境資源學研究所,碩士,98,2010,http://handle.ncl.edu.tw/11296/p48zb6,6,494,0,0,2
臺灣農地變遷跨尺度作用力分析-1990年到2005年,朱健銘,蔡博文,國立臺灣大學,地理環境資源學研究所,博士,98,2010,http://handle.ncl.edu.tw/11296/gq95wt,4,457,0,0,0
高級中學地理科教科書選用影響因素研究,周婉柔,賴進貴,國立臺灣大學,地理環境資源學研究所,碩士,98,2010,http://handle.ncl.edu.tw/11296/45z52b,8,277,0,0,4
大型運動賽事與企業型都市發展-以高雄市主辦2009年世界運動會為例,張宛婷,簡旭伸,國立臺灣大學,地理環境資源學研究所,碩士,98,2010,http://handle.ncl.edu.tw/11296/86r433,3,470,0,0,1
巨神陰影下的台北：摩天樓的再現政治與全球化不均等發展,鍾欣倩,黃宗儀,國立臺灣大學,地理環境資源學研究所,碩士,98,2010,http://handle.ncl.edu.tw/11296/y8u2fr,0,494,0,0,2
多重模式評估方法模擬虎杖在台灣之生態棲位,謝立忻,張康聰,國立臺灣大學,地理環境資源學研究所,碩士,98,,http://handle.ncl.edu.tw/11296/5bjq42,1,347,0,0,0
社區空間再發展之研究-以台中縣石岡鄉梅子社區為例,徐巧欣,張長義,國立臺灣大學,地理環境資源學研究所,碩士,98,2009,http://handle.ncl.edu.tw/11296/xs4zgk,0,723,0,0,2
台灣1.5代年輕回流移民之適應與認同,陳鈺淳,姜蘭虹,國立臺灣大學,地理環境資源學研究所,碩士,98,,http://handle.ncl.edu.tw/11296/y4a868,7,580,0,0,2
空間的文化政治—桃園大溪襲產旅遊原真性與完整性的形成與轉化,江裕民,姜蘭虹,國立臺灣大學,地理環境資源學研究所,碩士,97,2009,http://handle.ncl.edu.tw/11296/e5j666,1,152,0,25,2
遊客對纜車遊憩體驗與滿意度之研究─以台北市文山區貓空纜車為例,蘇令宜,張長義,國立臺灣大學,地理環境資源學研究所,碩士,97,2009,http://handle.ncl.edu.tw/11296/bgx9re,20,822,0,0,3
關渡自然保留區紅樹林變遷之研究,許立志,李建堂,國立臺灣大學,地理環境資源學研究所,碩士,97,2009,http://handle.ncl.edu.tw/11296/vnet8f,2,575,0,0,0
集集大地震誘發九份二山崩塌的機制與過程,巫宗南,徐美玲,國立臺灣大學,地理環境資源學研究所,博士,97,,http://handle.ncl.edu.tw/11296/ryrbqx,2,1113,0,0,0
綠活的想像與實踐：台北地區的園藝消費與居家自然,陳鵬宇,周素卿,國立臺灣大學,地理環境資源學研究所,碩士,97,2009,http://handle.ncl.edu.tw/11296/37t877,8,461,0,0,2
臺灣、日本與美國高中地理課本中國區域地理教材內容之分析比較,彭茹敏,賴進貴,國立臺灣大學,地理環境資源學研究所,碩士,97,2009,http://handle.ncl.edu.tw/11296/9988ws,7,2581,0,0,2
評估山坡地分眾保水之最佳時空配置,高毓夆,孫志鴻,國立臺灣大學,地理環境資源學研究所,碩士,97,2009,http://handle.ncl.edu.tw/11296/b8ey4a,0,230,0,0,0
語意關聯式的新圖文整合－以陽明山國家公園研究報告為例,羅元輔,朱子豪,國立臺灣大學,地理環境資源學研究所,碩士,97,2009,http://handle.ncl.edu.tw/11296/yg5w8b,2,284,0,0,1
運用類神經網路建立國際旅客需求預測模型－以日本來台灣之國際旅客需求為例,李依璇,孫志鴻,國立臺灣大學,地理環境資源學研究所,碩士,97,2009,http://handle.ncl.edu.tw/11296/ehvkgg,3,278,0,0,1
95高中地理課綱地理資訊系統融入教學之研究,王姿丰,賴進貴,國立臺灣大學,地理環境資源學研究所,碩士,97,2009,http://handle.ncl.edu.tw/11296/sba834,10,1311,0,160,3
高雄壽山停採礦區地景分區及礦山公園概念之研究,盧筑筠,王鑫,國立臺灣大學,地理環境資源學研究所,碩士,97,2009,http://handle.ncl.edu.tw/11296/pya7yd,1,408,0,0,1
外商鑲嵌臺灣勞動市場過程之探討-以在臺外商人力派遣廠商為例,張育源,徐進鈺,國立臺灣大學,地理環境資源學研究所,碩士,97,2009,http://handle.ncl.edu.tw/11296/d99457,3,414,0,0,0
緊急救護服務範圍之研究—以台北縣為例,周國祥,孫志鴻,國立臺灣大學,地理環境資源學研究所,碩士,97,2009,http://handle.ncl.edu.tw/11296/48ym78,5,477,0,0,3
基於PPGIS之社區災害管理研究--以汐止市長青里為例,李宇松,孫志鴻,國立臺灣大學,地理環境資源學研究所,碩士,97,2009,http://handle.ncl.edu.tw/11296/9hwcmv,2,351,0,0,0
應用都市模型於因應海平面上升之空間調適策略,陳正昕,孫志鴻,國立臺灣大學,地理環境資源學研究所,碩士,97,2009,http://handle.ncl.edu.tw/11296/ew2msq,2,438,0,0,0
森林生態旅遊地遊客環境識覺與行為之研究-以內洞森林遊樂區為例,吳佩蓉,張長義,國立臺灣大學,地理環境資源學研究所,碩士,97,2009,http://handle.ncl.edu.tw/11296/h6cdpu,29,759,0,0,4
社區觀光發展中的地方文化產業化－以苗栗縣公館鄉黃金小鎮為例,林愉庭,姜蘭虹,國立臺灣大學,地理環境資源學研究所,碩士,97,2009,http://handle.ncl.edu.tw/11296/d525y7,3,527,0,0,5
日久他鄉是故鄉－談台灣社會脈絡下的外籍配偶及其能動性,許秀芬,姜蘭虹,國立臺灣大學,地理環境資源學研究所,碩士,97,2009,http://handle.ncl.edu.tw/11296/brg2dt,7,730,0,0,5
階潭的地形分析—以金瓜寮溪中游河段為例,汪祥雲,李建堂,國立臺灣大學,地理環境資源學研究所,碩士,97,2009,http://handle.ncl.edu.tw/11296/tc77w3,1,235,0,0,0
野柳地質公園遊客行為規範守則之研究,吳宜玲,林俊全,國立臺灣大學,地理環境資源學研究所,碩士,97,2009,http://handle.ncl.edu.tw/11296/5bb5rb,5,648,0,0,0
野柳地質公園社會遊憩承載量之研究,陳怡君,林俊全,國立臺灣大學,地理環境資源學研究所,碩士,97,2009,http://handle.ncl.edu.tw/11296/435tze,12,622,0,0,0
新自由主義化下的都市再發展：以台北車站特定專用區為例,江尚書,周素卿,國立臺灣大學,地理環境資源學研究所,碩士,97,2009,http://handle.ncl.edu.tw/11296/4422un,9,1912,0,0,4
區域經濟收斂、人力資本與空間外溢效應：台灣，1991-2001,紀玉臨,賴進貴,國立臺灣大學,地理環境資源學研究所,碩士,97,2009,http://handle.ncl.edu.tw/11296/ytmz55,1,279,0,0,2
都市綠地識覺差異之研究－台北市富陽森林公園使用者之分析,黃美文,張長義,國立臺灣大學,地理環境資源學研究所,碩士,96,2007,http://handle.ncl.edu.tw/11296/3n9q2k,5,395,0,0,3
「企業型大學」介入高科技地域發展的嶄新經驗：以國立交通大學推動「臺灣知識經濟旗艦園區」為例,林慧宜,周素卿,國立臺灣大學,地理環境資源學研究所,碩士,96,2007,http://handle.ncl.edu.tw/11296/jxkkyq,2,339,0,0,0
應用物件導向方法建構3D虛擬旅遊系統之研究—以野柳地質公園為例,李卓翰,朱子豪,國立臺灣大學,地理環境資源學研究所,碩士,96,2007,http://handle.ncl.edu.tw/11296/2y5984,5,254,0,0,3
被建構的原住民族傳統領域-Skadang與Xoxos部落的個案研究,劉得楷,蔡博文,國立臺灣大學,地理環境資源學研究所,碩士,96,2008,http://handle.ncl.edu.tw/11296/aq328u,1,379,0,0,6
文化觀光對地方發展影響之研究-以集集支線車埕社區為例,余雯親,張長義,國立臺灣大學,地理環境資源學研究所,碩士,96,2007,http://handle.ncl.edu.tw/11296/n8c7xe,16,1659,0,0,9
天母空間符號的爭戰：都市變遷、尋租者與地方社群的想像競構,黃秀萍,周素卿,國立臺灣大學,地理環境資源學研究所,碩士,96,2008,http://handle.ncl.edu.tw/11296/54w9z7,2,614,0,0,4
藍田日暖玉生煙?新興產業的後進發展:臺灣TFT-LCD產業跨組織與跨部門關係之探討,凃乃文,徐進鈺,國立臺灣大學,地理環境資源學研究所,碩士,96,2008,http://handle.ncl.edu.tw/11296/u7z53p,1,153,0,0,2
從生態旅遊角度探討高中地理科戶外教學景點之適宜性,王秋樺,朱子豪,國立臺灣大學,地理環境資源學研究所,碩士,96,2008,http://handle.ncl.edu.tw/11296/53x6a5,4,425,0,0,2
醫療產業的空間規訓與性別化身體展演：以護理工作為例,黃家俞,徐進鈺,國立臺灣大學,地理環境資源學研究所,碩士,96,2008,http://handle.ncl.edu.tw/11296/yaqwux,1,556,0,0,3
試應用都市模擬模型Urbansim於台北市,徐葦莉,孫志鴻,國立臺灣大學,地理環境資源學研究所,碩士,96,2008,http://handle.ncl.edu.tw/11296/2zr356,2,302,0,0,0
時空資料庫之研究以土地使用分區變遷為例,蔡志強,蔡博文,國立臺灣大學,地理環境資源學研究所,碩士,96,2008,http://handle.ncl.edu.tw/11296/2dje7h,1,166,0,0,0
以SOA對傳統空間決策工作流之重構過程研究--以北市「山坡地土地可利用限度查定作業數位化」作業為例,易志中,朱子豪,國立臺灣大學,地理環境資源學研究所,碩士,96,2008,http://handle.ncl.edu.tw/11296/r336m6,0,171,0,0,2
台灣人口老化之空間分析,許彙君,賴進貴,國立臺灣大學,地理環境資源學研究所,碩士,96,2008,http://handle.ncl.edu.tw/11296/kpvphx,4,1409,0,0,3
七年級學生地理學習態度研究,吳君萍,賴進貴,國立臺灣大學,地理環境資源學研究所,碩士,96,2008,http://handle.ncl.edu.tw/11296/zjsha3,6,340,0,0,2
空間異質性對土地利用變遷模式的影響：新竹市個案研究,楊書婷,賴進貴,國立臺灣大學,地理環境資源學研究所,碩士,96,2008,http://handle.ncl.edu.tw/11296/cgf942,3,360,0,0,3
以中尺度成像光譜儀影像研究中國內蒙古自治區沙漠化時空變化歷程,邱顯皓,朱子豪,國立臺灣大學,地理環境資源學研究所,碩士,96,2008,http://handle.ncl.edu.tw/11296/mcgask,1,226,0,0,0
地方尺度的註記：旗尾糖業文化的變遷,陳靜珮,王秋原,國立臺灣大學,地理環境資源學研究所,博士,96,2008,http://handle.ncl.edu.tw/11296/j68kx5,8,558,0,0,0
網路合購之空間性分析—以PTT合購板之研究為例,蔡佩穎,周素卿,國立臺灣大學,地理環境資源學研究所,碩士,96,2008,http://handle.ncl.edu.tw/11296/7g426c,4,528,0,0,0
PPGIS與地方發展─美濃黃蝶翠谷發展願景的形塑,連美智,蔡博文,國立臺灣大學,地理環境資源學研究所,碩士,96,2008,http://handle.ncl.edu.tw/11296/6j2882,9,504,0,0,0
宗教勝地地方感之研究—以苗栗獅頭山為例,黃禮強,張長義,國立臺灣大學,地理環境資源學研究所,碩士,96,2008,http://handle.ncl.edu.tw/11296/j7v46c,11,403,0,0,0
人工溼地設立與淹水減緩效益之分析雲林沿海地區個案研究,徐慶安,張康聰,國立臺灣大學,地理環境資源學研究所,碩士,96,2008,http://handle.ncl.edu.tw/11296/pn2xrt,6,258,0,0,2
籌設中國家公園之權益關係人分析研究-綠島之個案,柯明宏,張長義,國立臺灣大學,地理環境資源學研究所,碩士,96,2008,http://handle.ncl.edu.tw/11296/z3rqd4,3,167,0,0,2
整合Web2.0與GIS推廣社區公眾參與─以臺北市仙跡岩地區為例,蘇青灔,孫志鴻,國立臺灣大學,地理環境資源學研究所,碩士,96,2008,http://handle.ncl.edu.tw/11296/mv589y,3,297,0,0,2
誤差分析平台運用於植生影像分類準確性提升之探討－以台灣大學校區為例,劉威廷,朱子豪,國立臺灣大學,地理環境資源學研究所,碩士,96,2008,http://handle.ncl.edu.tw/11296/773sw4,0,157,0,0,0
城市的自然空間：當代台北素食物質性與空間物質性之研究,陳思樺,周素卿,國立臺灣大學,地理環境資源學研究所,碩士,96,2008,http://handle.ncl.edu.tw/11296/hakfj4,5,501,0,0,2
陽明山國家公園磺嘴山步道品質與土壤沖蝕研究,李禹璇,李建堂,國立臺灣大學,地理環境資源學研究所,碩士,96,2008,http://handle.ncl.edu.tw/11296/p69752,2,197,0,0,0
東北角暨宜蘭海岸國家風景區地質保護區經理成效評估,康惠芳,李建堂,國立臺灣大學,地理環境資源學研究所,碩士,96,2008,http://handle.ncl.edu.tw/11296/hun3ns,0,489,0,0,0
野柳砂岩風化特性之研究,林建偉,林俊全,國立臺灣大學,地理環境資源學研究所,碩士,96,2008,http://handle.ncl.edu.tw/11296/fue5bn,0,501,0,0,0
九份地區的土地退化與不同國籍遊客對土地退化之識覺研究,王玉妏,李建堂,國立臺灣大學,地理環境資源學研究所,碩士,96,2008,http://handle.ncl.edu.tw/11296/9rmpr4,1,271,0,0,0
道路建設造成景觀格局變遷之研究,孟曉蘭,王  鑫,國立臺灣大學,地理環境資源學研究所,碩士,96,2008,http://handle.ncl.edu.tw/11296/ys93u7,5,299,0,0,3
概念構圖教學策略對地理科學習成效之影響-以七年級學生為例,卓芳亙,賴進貴,國立臺灣大學,地理環境資源學研究所,碩士,96,2008,http://handle.ncl.edu.tw/11296/n538u6,12,648,0,0,4
消費地下空間：以臺北車站特定專用區之地下街為例,王資惠,周素卿,國立臺灣大學,地理環境資源學研究所,碩士,96,2008,http://handle.ncl.edu.tw/11296/shj9pr,5,739,0,0,2
以網路式公眾參與地理資訊系統重塑城市意象可行性之研究-以澳門為例,李永恆,孫志鴻,國立臺灣大學,地理環境資源學研究所,碩士,96,2008,http://handle.ncl.edu.tw/11296/atv7hj,6,337,0,0,3
集合住宅社區型態與社區活動關係之研究--以台北縣汐止市為例,黃耀群,張長義,國立臺灣大學,地理環境資源學研究所,碩士,95,2007,http://handle.ncl.edu.tw/11296/54tz3v,3,1494,0,0,4
全球化上海的懷舊與現代化景觀:跨國菁英與全球城市都市論,吳幸玲,周素卿,國立臺灣大學,地理環境資源學研究所,博士,95,2007,http://handle.ncl.edu.tw/11296/236k42,8,819,0,0,8
台北縣三芝鄉淺水灣西側海岸沙丘地形及植群分布關係之研究,陳彥樺,李建堂,國立臺灣大學,地理環境資源學研究所,碩士,95,2007,http://handle.ncl.edu.tw/11296/822b56,3,799,0,0,0
新竹地區建地土地利用變遷模式之建立,劉佳玲,蔡博文,國立臺灣大學,地理環境資源學研究所,碩士,95,2007,http://handle.ncl.edu.tw/11296/2vdwe2,6,191,0,0,4
認同、空間與權力：檳榔西施情慾解放之機會與限制,張華蓀,姜蘭虹,國立臺灣大學,地理環境資源學研究所,博士,95,2007,http://handle.ncl.edu.tw/11296/784c87,11,844,0,0,8
GoogleEarth應用於中學地理教育之研究,江映瑩,孫志鴻,國立臺灣大學,地理環境資源學研究所,碩士,95,2007,http://handle.ncl.edu.tw/11296/8g43bc,50,621,0,0,8
衛星影像幾何校正控制點自動萃取與匹配之研究,陳信安,朱子豪,國立臺灣大學,地理環境資源學研究所,碩士,95,2007,http://handle.ncl.edu.tw/11296/sn47hh,5,365,0,0,0
地理資訊輔助等高線教學之設計研究,汪文嵩,賴進貴,國立臺灣大學,地理環境資源學研究所,碩士,95,2007,http://handle.ncl.edu.tw/11296/7qkz8k,8,278,0,0,2
社區參與生態旅遊之研究—以陽明山國家公園魚路古道結合八煙社區為例,蔡書玄,張長義,國立臺灣大學,地理環境資源學研究所,碩士,95,2007,http://handle.ncl.edu.tw/11296/t39923,16,610,0,0,5
淺瀨與深潭的河床底質特性研究—以金瓜寮溪中游河段為例,郭鎮維,李建堂,國立臺灣大學,地理環境資源學研究所,碩士,95,2007,http://handle.ncl.edu.tw/11296/ucc4c3,4,595,0,0,0
台灣癌症的空間分析,胡立諄,賴進貴,國立臺灣大學,地理環境資源學研究所,碩士,95,2007,http://handle.ncl.edu.tw/11296/rekmgv,11,1985,0,0,3
未鋪面步道品質變遷調查—以陽明山國家公園地區為例,黃國書,李建堂,國立臺灣大學,地理環境資源學研究所,碩士,95,2007,http://handle.ncl.edu.tw/11296/az2e98,1,224,0,0,0
金融整併－台灣變遷中的銀行體系空間結構,吳芳怡,徐進鈺,國立臺灣大學,地理環境資源學研究所,碩士,95,2007,http://handle.ncl.edu.tw/11296/4aesv9,1,302,0,0,0
基隆河中上游流域聚落變遷型態之分析,王翠華,林俊全,國立臺灣大學,地理環境資源學研究所,碩士,95,2007,http://handle.ncl.edu.tw/11296/xpr4sa,8,553,0,0,2
地方政府水資源經營管理決策模式建構之探討----以屏東縣為例,陳永森,張長義,國立臺灣大學,地理環境資源學研究所,博士,95,2007,http://handle.ncl.edu.tw/11296/483299,5,511,1,0,2
台灣高山凍融作用與冰緣地形分布之研究,陳毅青,林俊全,國立臺灣大學,地理環境資源學研究所,碩士,95,2007,http://handle.ncl.edu.tw/11296/26ngfv,1,616,5,42,1
台灣三種針葉林型分布模式之研究,顏士閔,張康聰,國立臺灣大學,地理環境資源學研究所,碩士,95,2007,http://handle.ncl.edu.tw/11296/m8m6be,1,181,0,0,0
地理課程標準地圖知能指標研究,黃婉婷,賴進貴,國立臺灣大學,地理環境資源學研究所,碩士,95,2007,http://handle.ncl.edu.tw/11296/8g7nfy,11,266,0,0,3
跨界的知識傳遞與制度建構--以台灣奧美廣告之學習經驗為例,何中馨,徐進鈺,國立臺灣大學,地理環境資源學研究所,碩士,95,2007,http://handle.ncl.edu.tw/11296/9eudaq,1,514,0,0,1
台灣地區登革熱擴散之空間分析,林政宏,賴進貴,國立臺灣大學,地理環境資源學研究所,碩士,95,2007,http://handle.ncl.edu.tw/11296/pywd63,11,2507,0,0,7
淡水河口南側海岸地形變遷之研究,楊嵐雅,林俊全,國立臺灣大學,地理環境資源學研究所,碩士,95,2007,http://handle.ncl.edu.tw/11296/8753d9,8,356,0,0,1
蒙古烏蘭巴托都市地價區位因子分析,巴特鮑德,賴進貴,國立臺灣大學,地理環境資源學研究所,碩士,95,2007,http://handle.ncl.edu.tw/11296/jk3a5t,1,120,0,0,0
玉峰集水區颱風暴雨中心與崩塌地時空分布對河川懸移質輸砂濃度的影響,朱怡亭,徐美玲,國立臺灣大學,地理環境資源學研究所,碩士,95,2007,http://handle.ncl.edu.tw/11296/zxxwve,2,131,0,0,0
有機農業生產空間形構過程之研究－以花蓮縣富里鄉銀川米為例,陳志綸,張長義,國立臺灣大學,地理環境資源學研究所,碩士,95,2007,http://handle.ncl.edu.tw/11296/49e8pr,9,657,0,0,4
生態社區形塑歷程權益關係人分析—桃園縣龍潭鄉三林社區之個案,陳嬿竹,張長義,國立臺灣大學,地理環境資源學研究所,碩士,95,2007,http://handle.ncl.edu.tw/11296/vdd9kk,4,259,0,0,2
鄉村發展地方文化產業化歷程—嘉義縣蒜頭糖廠蔗埕文化園區之個案,廖哲強,張長義,國立臺灣大學,地理環境資源學研究所,碩士,95,2007,http://handle.ncl.edu.tw/11296/fb93u6,12,647,0,0,4
社區林業作為部落自然資源管理之應用－以新竹縣尖石鄉司馬庫斯為例,史育禎,張長義,國立臺灣大學,地理環境資源學研究所,碩士,95,2007,http://handle.ncl.edu.tw/11296/hrub5x,5,483,0,0,2
集集大地震對陳有蘭溪流域邊坡穩定之影響,吳翊鼎,徐美玲,國立臺灣大學,地理環境資源學研究所,碩士,95,2007,http://handle.ncl.edu.tw/11296/pp84gr,3,131,0,0,0
臺灣中草藥產業之空間發展歷程:一個生產鏈的觀點,翁毓穗,徐進鈺,國立臺灣大學,地理環境資源學研究所,碩士,95,2007,http://handle.ncl.edu.tw/11296/rux58j,4,353,1,0,0
銀行區位選址決策支援系統之研發－以台北市為例,楊宜芬,孫志鴻,國立臺灣大學,地理環境資源學研究所,碩士,95,2007,http://handle.ncl.edu.tw/11296/zd3btq,7,683,0,24,0
綠色運具遊客識覺與行為之研究—以八里左岸自行車道為例,周金玉,張長義,國立臺灣大學,地理環境資源學研究所,碩士,95,2007,http://handle.ncl.edu.tw/11296/4vmf8q,29,763,0,0,13
運用探針車與空間分析方法於市區道路服務水準評估之研究－以桃園縣蘆竹鄉中正路至南崁路路段為例,張靖志,朱子豪,國立臺灣大學,地理環境資源學研究所,碩士,95,2007,http://handle.ncl.edu.tw/11296/ecmhur,4,400,0,0,0
養殖土地利用變遷預測模式之建立－個體施為取徑,謝啟賢,蔡博文,國立臺灣大學,地理環境資源學研究所,碩士,95,2007,http://handle.ncl.edu.tw/11296/q42ph7,7,256,0,0,0
社區災害管理資訊系統之研究─以汐止城中城社區為例,蕭柏桓,孫志鴻,國立臺灣大學,地理環境資源學研究所,碩士,95,2007,http://handle.ncl.edu.tw/11296/5852jp,3,448,0,0,2
運用參與式地理資訊系統於部落地圖繪製之研究,鄭踴謙,蔡博文,國立臺灣大學,地理環境資源學研究所,碩士,95,2006,http://handle.ncl.edu.tw/11296/7vb9c2,10,506,0,0,4
以網際網路資訊系統為基礎的災害管理協同合作網之研究,陶翼煌,孫志鴻,國立臺灣大學,地理環境資源學研究所,博士,95,2006,http://handle.ncl.edu.tw/11296/rh47fy,4,315,0,0,4
南庄地方產業再發展與區域特性形構,張峻嘉,王秋原,國立臺灣大學,地理環境資源學研究所,博士,95,2007,http://handle.ncl.edu.tw/11296/cphzf6,14,682,0,0,0
利用S-P表分析高中生地圖技能以一個班級為個案研究,吳婉嫕,賴進貴,國立臺灣大學,地理環境資源學研究所,碩士,94,2006,http://handle.ncl.edu.tw/11296/p432dt,26,228,0,0,5
環境影響評估制度民眾參與機制之研究－以國道東部公路蘇澳花蓮段為例,曾家宏,張長義,國立臺灣大學,地理環境資源學研究所,碩士,94,2006,http://handle.ncl.edu.tw/11296/5h6qcc,16,474,0,0,6
大學入學考試地理資訊試題分析,林芳瑜,賴進貴,國立臺灣大學,地理環境資源學研究所,碩士,94,2006,http://handle.ncl.edu.tw/11296/4qn464,10,141,0,0,1
福爾摩沙衛星二號立體像對產生數值地形模型之精度研究,陳世師,朱子豪,國立臺灣大學,地理環境資源學研究所,碩士,94,2006,http://handle.ncl.edu.tw/11296/wh7mxs,4,244,0,0,0
澳洲台灣年輕移民生活適應與身分認同過程之探討－以墨爾本為例,楊智翔,姜蘭虹,國立臺灣大學,地理環境資源學研究所,碩士,94,2006,http://handle.ncl.edu.tw/11296/r8692j,14,345,5,0,8
不同時期地形圖等高線品質研究,賴逸書,賴進貴,國立臺灣大學,地理環境資源學研究所,碩士,94,2006,http://handle.ncl.edu.tw/11296/dkr4z4,4,257,0,0,0
地方感的生產與再生產：上海市中心城區拆遷戶棲居歷程之研究,宋郁玲,姜蘭虹,國立臺灣大學,地理環境資源學研究所,博士,94,2006,http://handle.ncl.edu.tw/11296/6hcp7c,19,637,0,0,7
以局部穩定條件率定之土壤厚度估測模式,姜壽浩,徐美玲,國立臺灣大學,地理環境資源學研究所,碩士,94,2006,http://handle.ncl.edu.tw/11296/u9jbmh,3,186,0,0,2
擬全球城市中心與邊陲的界線運作與穿越-以信義計畫區與基隆路整宅為個案,王茜穎,周素卿,國立臺灣大學,地理環境資源學研究所,碩士,94,2006,http://handle.ncl.edu.tw/11296/stw9yp,3,309,0,0,4
地理資訊系統與歷史地理的結合：噶瑪蘭土地利用變遷與人口成長,翁培文,蔡博文,國立臺灣大學,地理環境資源學研究所,碩士,94,2006,http://handle.ncl.edu.tw/11296/c8u56z,2,361,0,0,6
台北市住宅竊盜犯罪地圖製作與犯罪區位分析,賴致瑜,張康聰,國立臺灣大學,地理環境資源學研究所,碩士,94,2006,http://handle.ncl.edu.tw/11296/5w4g57,42,1256,0,0,0
窗外有藍天？—別居購置對女性的意義,陳雅蓮,姜蘭虹,國立臺灣大學,地理環境資源學研究所,碩士,94,2006,http://handle.ncl.edu.tw/11296/u3kxw8,6,205,0,0,0
整合氣象雷達與即時降雨資料於颱風降雨推估之研究,張智昌,孫志鴻,國立臺灣大學,地理環境資源學研究所,碩士,94,2006,http://handle.ncl.edu.tw/11296/8vd6s6,22,637,5,0,1
地理資訊系統在地圖概括化地名選取之應用─以宜蘭縣及桃園縣為例,范慶龍,賴進貴,國立臺灣大學,地理環境資源學研究所,碩士,94,2006,http://handle.ncl.edu.tw/11296/y97n4s,1,465,0,0,2
澎湖群島土地品質之指標建構與評估,陳郁婷,王鑫,國立臺灣大學,地理環境資源學研究所,碩士,94,2006,http://handle.ncl.edu.tw/11296/gamd2r,6,272,0,0,0
個體施為決策之土地利用變遷研究-雲林沿海魚塭養殖之個案,陳超群,蔡博文,國立臺灣大學,地理環境資源學研究所,碩士,94,2006,http://handle.ncl.edu.tw/11296/svd2jr,7,218,0,0,0
廠商跨界學習能力與文化鄰近性?以台商在中國方便麵產品創新為例,魏欣儀,徐進鈺,國立臺灣大學,地理環境資源學研究所,碩士,94,2006,http://handle.ncl.edu.tw/11296/zm9sv3,2,304,0,0,1
遙測影像之雲霧偵測及干擾去除,徐逸祥,朱子豪,國立臺灣大學,地理環境資源學研究所,碩士,94,2006,http://handle.ncl.edu.tw/11296/3x69sb,9,283,0,0,0
福山森林集水區之輸沙與剝蝕速率研究,任家弘,林俊全,國立臺灣大學,地理環境資源學研究所,博士,94,2006,http://handle.ncl.edu.tw/11296/93qn3c,6,246,0,0,0
應用高解析度遙測資料於都市土地違規使用之監測--以台北市建物屋頂加蓋物為例,張家豪,朱子豪,國立臺灣大學,地理環境資源學研究所,碩士,94,2006,http://handle.ncl.edu.tw/11296/erh79f,3,238,0,0,5
不同區位大型購物中心之消費者行為比較研究—以台茂家庭娛樂中心與京華城為例,陳志嘉,張長義,國立臺灣大學,地理環境資源學研究所,碩士,94,2006,http://handle.ncl.edu.tw/11296/ed89ca,16,792,0,0,0
原住民部落居民對民宿業發展衝擊的環境識覺差異分析－以司馬庫斯、新光部落為例,陳錦鴻,張長義,國立臺灣大學,地理環境資源學研究所,碩士,94,2006,http://handle.ncl.edu.tw/11296/f24823,14,435,0,0,9
二仁溪中上游泥岩區河道演育之研究,林慧宜,林俊全,國立臺灣大學,地理環境資源學研究所,碩士,94,2006,http://handle.ncl.edu.tw/11296/w26r88,15,454,0,0,0
新瓶舊酒？從高雄捷運政策看都市大型計畫與都市政治變遷,張儀君,周素卿,國立臺灣大學,地理環境資源學研究所,碩士,94,2006,http://handle.ncl.edu.tw/11296/3ku98h,3,420,0,0,0
南山村農業活動時空配置之研究,馬志堅,張長義,國立臺灣大學,地理環境資源學研究所,碩士,94,2006,http://handle.ncl.edu.tw/11296/gezsqb,6,431,0,0,2
應用空間物件導向資料模式於工程全生命週期－以下水道資料為例,李信志,朱子豪,國立臺灣大學,地理環境資源學研究所,碩士,94,2005,http://handle.ncl.edu.tw/11296/g6mhbk,2,137,0,0,1
利用時空內插及資料正規化輔助地震前熱異常現象之偵測,王純瑩,朱子豪,國立臺灣大學,地理環境資源學研究所,碩士,94,2005,http://handle.ncl.edu.tw/11296/hwx7hx,0,88,0,0,1
原住民族傳統領域之研究--泰雅族司馬庫斯個案,林俊強,張長義,國立臺灣大學,地理環境資源學研究所,博士,94,2005,http://handle.ncl.edu.tw/11296/6upp6p,21,1332,0,0,14
OptionsandFutures:臺灣期貨市場建構之金融地理學分析,陳品先,徐進鈺,國立臺灣大學,地理環境資源學研究所,碩士,93,2005,http://handle.ncl.edu.tw/11296/7s8vzy,2,206,0,0,1
生產者服務業在信義計畫區的發展—以不動產開發機制為例,王驥懋,周素卿,國立臺灣大學,地理環境資源學研究所,碩士,93,2005,http://handle.ncl.edu.tw/11296/b4bbg6,7,545,0,0,8
台灣集水區排水密度特性之分析,張薰瑜,李建堂,國立臺灣大學,地理環境資源學研究所,碩士,93,2005,http://handle.ncl.edu.tw/11296/8u9uxj,1,222,0,0,0
台北市芝山岩生態社區形構歷程之研究,林尤麗,張長義,國立臺灣大學,地理環境資源學研究所,碩士,93,2005,http://handle.ncl.edu.tw/11296/b9f79q,18,824,0,0,0
一般固體廢棄物管理政策施行成效評估-以台北市「垃圾費隨袋徵收」為例,陳韋名,張長義,國立臺灣大學,地理環境資源學研究所,碩士,93,2005,http://handle.ncl.edu.tw/11296/qzfjvd,3,240,0,0,0
空間資料庫知識探索之研究─以集集大地震引致之山崩為例,鄒明城,孫志鴻,國立臺灣大學,地理環境資源學研究所,博士,93,2004,http://handle.ncl.edu.tw/11296/t8wpz8,9,272,0,0,2
台灣戰後經濟發展脈絡下桃園地區工業空間組織之研究,李慧君,黃麗珠,國立臺灣大學,地理環境資源學研究所,碩士,93,2005,http://handle.ncl.edu.tw/11296/dwss22,5,282,0,0,1
雲嘉南濱海國家風景區形成的空間歷程：以台南縣濱海地區為例,陳俊安,"張長義
周素卿",國立臺灣大學,地理環境資源學研究所,碩士,93,2005,http://handle.ncl.edu.tw/11296/5532hz,10,443,0,0,5
弱勢社區民眾參與都市更新的迷思：台北市林口社區水源路一期整建住宅之個案研究,蔡孟芳,周素卿,國立臺灣大學,地理環境資源學研究所,碩士,93,2005,http://handle.ncl.edu.tw/11296/td4d46,15,944,0,0,14
普查資料之空間資料挖掘研究—以台北市便利商店區位分析為例,榮峻德,孫志鴻,國立臺灣大學,地理環境資源學研究所,碩士,93,2005,http://handle.ncl.edu.tw/11296/95ycej,8,505,0,0,0
921集集大地震前後降雨型崩塌地特徵之比較,鍾育櫻,徐美玲,國立臺灣大學,地理環境資源學研究所,碩士,93,2005,http://handle.ncl.edu.tw/11296/j9x3vy,16,380,0,0,0
空間資料探勘與知識產生-以建立崩坍敏感性評估模式為例,吳宗曄,朱子豪,國立臺灣大學,地理環境資源學研究所,碩士,93,,http://handle.ncl.edu.tw/11296/fc66ea,10,145,0,0,1
高中生地理技能之研究—以奧林匹亞競賽學術性論文為例,陳佑婷,賴進貴,國立臺灣大學,地理環境資源學研究所,碩士,93,2005,http://handle.ncl.edu.tw/11296/ymafng,10,272,0,0,0
世界遺產推廣教育策略研擬之研究,侯沛芸,王鑫,國立臺灣大學,地理環境資源學研究所,碩士,93,2005,http://handle.ncl.edu.tw/11296/yy4p2p,4,632,0,0,2
金門島地景變遷監測與分析—1995、2000、2001年,楊婉如,王鑫,國立臺灣大學,地理環境資源學研究所,碩士,93,2005,http://handle.ncl.edu.tw/11296/mt6368,13,487,0,0,5
IT台商營運總部的角色與發展：全球生產鏈結中的權力關係與地域性,楊道寧,徐進鈺,國立臺灣大學,地理環境資源學研究所,碩士,93,2005,http://handle.ncl.edu.tw/11296/j2umk8,4,318,0,0,0
自然語言式GIS查詢介面－以大安區餐飲服務為例,黃如鈺,朱子豪,國立臺灣大學,地理環境資源學研究所,碩士,93,2005,http://handle.ncl.edu.tw/11296/k75x9n,4,162,0,0,2
陽明山國家公園解說志工自評帶隊解說表現之探討,黃聖祐,王鑫,國立臺灣大學,地理環境資源學研究所,碩士,93,2005,http://handle.ncl.edu.tw/11296/5aje9t,5,231,0,0,4
原住民族地區觀光文化經濟與地方建構之研究-鄒族山美社區之個案,梁炳琨,張長義,國立臺灣大學,地理環境資源學研究所,博士,93,2005,http://handle.ncl.edu.tw/11296/3d3j65,16,714,0,0,11
集水區輸砂量變化與沖積物預算之分析,張明軒,李建堂,國立臺灣大學,地理環境資源學研究所,碩士,93,2005,http://handle.ncl.edu.tw/11296/sr335s,9,273,0,0,0
碎形理論應用於台灣地區建地空間型態之研究,李介中,蔡博文,國立臺灣大學,地理環境資源學研究所,碩士,93,2005,http://handle.ncl.edu.tw/11296/2qw6r6,16,288,0,0,0
1990~2003年台灣能源生態足跡推估與能源效益分析研究,劉彥蘭,王鑫,國立臺灣大學,地理環境資源學研究所,碩士,93,2005,http://handle.ncl.edu.tw/11296/75ka9v,7,178,0,0,0
資通訊網路之空間建構─臺北市寬頻網路發展之制度分析,高崇真,周素卿,國立臺灣大學,地理環境資源學研究所,碩士,92,2004,http://handle.ncl.edu.tw/11296/kww77j,9,106,0,0,1
桃園縣海岸地形變遷之研究,楊美萍,李建堂,國立臺灣大學,地理環境資源學研究所,碩士,92,2004,http://handle.ncl.edu.tw/11296/n689ay,20,984,0,0,0
推測水庫淤砂量變動趨勢之降雨指標--以翡翠水庫和石門水庫為例,蔡逸凡,徐美玲,國立臺灣大學,地理環境資源學研究所,碩士,92,2004,http://handle.ncl.edu.tw/11296/ckp55j,1,189,0,0,0
臺灣長程遊憩山徑環境特質之研究,黃德雄,王鑫,國立臺灣大學,地理環境資源學研究所,碩士,92,2004,http://handle.ncl.edu.tw/11296/g7w9z6,29,314,0,73,0
高中GIS社團學生學習滿意度之研究,時玫君,賴進貴,國立臺灣大學,地理環境資源學研究所,碩士,92,2004,http://handle.ncl.edu.tw/11296/shrgsm,15,243,0,0,6
網路電子地圖與傳統地圖教學對國小五年級兒童空間認知影響之研究,許秀桃,賴進貴,國立臺灣大學,地理環境資源學研究所,碩士,92,2004,http://handle.ncl.edu.tw/11296/n4pp8g,40,523,0,0,4
近百年台灣地區氣溫變化之分析研究,賴栗葦,姜善鑫,國立臺灣大學,地理環境資源學研究所,博士,92,2004,http://handle.ncl.edu.tw/11296/5737zu,7,286,0,0,0
從經濟主義到文化戰爭：舊工業區土地更新下的勞工文化運動,沈昌鎮,周素卿,國立臺灣大學,地理環境資源學研究所,碩士,92,2004,http://handle.ncl.edu.tw/11296/32w9zm,7,320,0,0,2
鄉村景觀資源評估與規劃-以平溪、雙溪地區為例,鄭曉昀,王鑫,國立臺灣大學,地理環境資源學研究所,碩士,92,2004,http://handle.ncl.edu.tw/11296/unnk2a,17,476,0,0,3
地物導向之航照影像區格知識正規化之研究,林冠儒,朱子豪,國立臺灣大學,地理環境資源學研究所,碩士,92,2004,http://handle.ncl.edu.tw/11296/4y29jm,8,114,0,0,2
旅遊安全性決策之研究—以台北地區國民中學校外教學為例,郭靜如,朱子豪,國立臺灣大學,地理環境資源學研究所,碩士,92,2004,http://handle.ncl.edu.tw/11296/64rz2k,54,338,0,0,4
以語意網建置旅遊解說資料庫---以陽明山的自然資源為例,陳靖允,朱子豪,國立臺灣大學,地理環境資源學研究所,碩士,92,2004,http://handle.ncl.edu.tw/11296/mz2ca2,4,158,0,0,2
地形變遷之研究∼以苗栗火炎山地區為例,鄭遠昌,林俊全,國立臺灣大學,地理環境資源學研究所,碩士,92,2004,http://handle.ncl.edu.tw/11296/b7uh5q,9,486,0,0,0
都市土地利用變遷與道路關係之探討以台中市平地地區為例,劉瑋,賴進貴,國立臺灣大學,地理環境資源學研究所,碩士,92,2004,http://handle.ncl.edu.tw/11296/xbwkdb,8,274,0,0,1
金瓜石地質公園概念規劃之研究,許珊瑜,王鑫,國立臺灣大學,地理環境資源學研究所,碩士,92,2004,http://handle.ncl.edu.tw/11296/7992p5,9,415,0,0,2
原住民部落生態旅遊遊客識覺與行為之研究-以新竹縣尖石鄉司馬庫斯為例,藍淑琪,張長義,國立臺灣大學,地理環境資源學研究所,碩士,92,2004,http://handle.ncl.edu.tw/11296/ucnr6d,32,285,0,0,17
知本溫泉風景特定區遊客運輸工具選擇行為之研究,陳元修,張長義,國立臺灣大學,地理環境資源學研究所,碩士,92,2004,http://handle.ncl.edu.tw/11296/q3wg5d,17,288,0,0,0
全球化商品鏈中廠商競爭力調整之分析—以台灣成衣外銷製造業為例,梁淳淳,張長義,國立臺灣大學,地理環境資源學研究所,碩士,92,2004,http://handle.ncl.edu.tw/11296/ezfyu5,18,435,0,0,6
保護區管理規劃之權益關係人分析－以金門國家公園慈湖地區為例,徐韶良,王鑫,國立臺灣大學,地理環境資源學研究所,碩士,92,2004,http://handle.ncl.edu.tw/11296/qtxg23,14,397,5,0,0
以景觀層級界定生物多樣性保育範圍－中尺度資源衛星MODIS影像的應用,林孟龍,王鑫,國立臺灣大學,地理環境資源學研究所,博士,92,2004,http://handle.ncl.edu.tw/11296/tae2k7,6,241,0,0,0
關渡自然公園的空間建構及環境倫理之探討,李玉亭,張長義,國立臺灣大學,地理環境資源學研究所,碩士,91,2003,http://handle.ncl.edu.tw/11296/p4gu3p,13,604,0,0,5
中學生空間認知能力之研究-以認知圖路網結構分析,林靜怡,賴進貴,國立臺灣大學,地理環境資源學研究所,碩士,91,2003,http://handle.ncl.edu.tw/11296/8bypq5,54,583,0,132,3
中國政區沿革變動時空資料模式之研究,陳瑞羚,朱子豪,國立臺灣大學,地理環境資源學研究所,碩士,91,2003,http://handle.ncl.edu.tw/11296/y8gfj6,8,153,0,35,2
地理教學網站評鑑指標建構之研究,張超塵,賴進貴,國立臺灣大學,地理環境資源學研究所,碩士,91,2003,http://handle.ncl.edu.tw/11296/zbmk82,17,352,0,76,11
中學地理實習教師災害識覺之研究,林香吟,林俊全,國立臺灣大學,地理環境資源學研究所,碩士,91,2003,http://handle.ncl.edu.tw/11296/wh85ss,46,681,0,93,10
居民的洪患識覺與調適行為之研究─台北縣汐止市個案之探討,羅國彰,張長義,國立臺灣大學,地理環境資源學研究所,碩士,91,2003,http://handle.ncl.edu.tw/11296/chkz8w,56,717,0,195,3
水庫集水區土壤沖蝕之研究-以石門、翡翠水庫為例,歐陽元淳,林俊全,國立臺灣大學,地理環境資源學研究所,碩士,91,2003,http://handle.ncl.edu.tw/11296/z697mg,64,2433,0,250,0
中文新聞文件空間資訊擷取之研究─以火災、搶劫、車禍事件為例,蔡純純,朱子豪,國立臺灣大學,地理環境資源學研究所,碩士,91,2003,http://handle.ncl.edu.tw/11296/vxsgct,22,358,0,83,5
河口短時距地形變動之研究∼以淡水河口挖子尾為例,賴春婷,林俊全,國立臺灣大學,地理環境資源學研究所,碩士,91,2003,http://handle.ncl.edu.tw/11296/pj7nd4,8,767,0,104,3
生態旅遊遊程設計之研究─以金瓜石地區為例,杜慧音,王鑫,國立臺灣大學,地理環境資源學研究所,碩士,91,2003,http://handle.ncl.edu.tw/11296/5gfd2c,75,2145,0,638,7
象徵地景商品化過程中地方性之生產─以台北市信義計畫區之豪宅為例,林潤華,周素卿,國立臺灣大學,地理環境資源學研究所,碩士,91,2003,http://handle.ncl.edu.tw/11296/wpan9q,56,1602,0,441,10
數值高程模型品質對等高線生產之影響-以農委會40公尺DTM為例,王韋力,賴進貴,國立臺灣大學,地理環境資源學研究所,碩士,91,2003,http://handle.ncl.edu.tw/11296/eeb9aj,14,536,0,77,0
復興鄉華陵村居民觀光衝擊識覺之研究,李政修,"張長義
倪進誠",國立臺灣大學,地理環境資源學研究所,碩士,91,2003,http://handle.ncl.edu.tw/11296/yhn5nr,90,793,0,232,11
玉山國家公園塔塔加地區遊憩效益與人為干擾影響程度之研究--條件估價法之應用,胡玉龍,張長義,國立臺灣大學,地理環境資源學研究所,碩士,91,2003,http://handle.ncl.edu.tw/11296/4w4sf8,39,553,0,124,0
國民旅遊領團人員地理概念分析,吳建成,王鑫,國立臺灣大學,地理環境資源學研究所,碩士,91,2003,http://handle.ncl.edu.tw/11296/964mhq,9,325,0,0,0
一個抵抗空間的建構─馬告國家公園運動脈絡下的部落繪圖實踐,蕭惠中,"張長義
林益仁",國立臺灣大學,地理環境資源學研究所,碩士,91,2003,http://handle.ncl.edu.tw/11296/gj4rej,21,435,0,0,5
清代岸裡地域的環境變動與社會回應：一個拓墾邊區的個案研究,楊森豪,周素卿,國立臺灣大學,地理環境資源學研究所,碩士,91,2003,http://handle.ncl.edu.tw/11296/kvf7pg,0,180,0,0,5
利用雄性孔雀魚卵黃前質誘發反應以檢測桃園縣河川之外因性雌性激素,王振叡,李美慧,國立臺灣大學,地理環境資源學研究所,碩士,91,2003,http://handle.ncl.edu.tw/11296/7747zg,9,210,0,0,0
地理資訊系統融入高中地理教學之研究,余俊青,賴進貴,國立臺灣大學,地理環境資源學研究所,碩士,91,2003,http://handle.ncl.edu.tw/11296/ptm5tg,38,684,0,171,8
利用流域空間及降雨特性於逕流推估改善之研究,李柏鋒,朱子豪,國立臺灣大學,地理環境資源學研究所,碩士,91,2003,http://handle.ncl.edu.tw/11296/7nr79h,7,125,0,0,0
地圖設計之知識管理,鐘新南,朱子豪,國立臺灣大學,地理環境資源學研究所,碩士,91,2003,http://handle.ncl.edu.tw/11296/2kfh62,7,309,0,72,9
集水區降雨逕流時空分佈之模擬-結合地文參數之不確定性分析,黃誌川,徐美玲,國立臺灣大學,地理環境資源學研究所,博士,91,2002,http://handle.ncl.edu.tw/11296/3fx32d,21,775,5,152,0
地理資訊系統與人工智慧整合之研究,林祥偉,孫志鴻,國立臺灣大學,地理環境資源學研究所,博士,91,2003,http://handle.ncl.edu.tw/11296/nb42tj,17,815,0,234,7
頭嵙山礫岩侵蝕形貌之研究－以臺灣中部三處個案為例,張伯宇,林俊全,國立臺灣大學,地理環境資源學研究所,博士,91,2003,http://handle.ncl.edu.tw/11296/82vt67,8,304,0,77,0
工業區鄰近地區居民環境污染識覺及調適行為之研究--以中壢工業區為例,林玉芬,張長義,國立臺灣大學,地理環境資源學研究所,碩士,91,2003,http://handle.ncl.edu.tw/11296/6c5c4c,29,787,0,0,10
從地景保育的觀點探討大油坑停採礦區之再造利用,許玲玉,王  鑫,國立臺灣大學,地理環境資源學研究所,碩士,91,2002,http://handle.ncl.edu.tw/11296/h5eppp,10,338,0,0,1
地震災害避難疏散最適路徑之研究－以南投都市計畫區範圍為例,蕭素月,朱子豪,國立臺灣大學,地理環境資源學研究所,碩士,91,2003,http://handle.ncl.edu.tw/11296/rbzj66,41,803,0,245,1
貝化石保育景點經理規劃－苗栗縣過港貝化石層景點個案,黃昌彥,李建堂,國立臺灣大學,地理環境資源學研究所,碩士,91,2002,http://handle.ncl.edu.tw/11296/c94d46,4,348,0,0,1
建構以廢耕地為基礎之生態園區-以福寶生態園區為例,黃榮振,王鑫,國立臺灣大學,地理環境資源學研究所,碩士,91,2003,http://handle.ncl.edu.tw/11296/9tmwg2,14,518,0,91,0
使用類神經網路在洪水推估之研究－以集水區地文特徵為基礎,詹仕堅,孫志鴻,國立臺灣大學,地理環境資源學研究所,博士,91,2003,http://handle.ncl.edu.tw/11296/6th852,27,484,0,111,4
南投縣九九峰土石流發生區之地形特徵,呂岡侃,徐美玲,國立臺灣大學,地理環境資源學研究所,碩士,90,2002,http://handle.ncl.edu.tw/11296/qfwh9q,21,177,0,0,0
象徵經濟的空間化－進口精品品牌服飾的空間行銷之研究,黃元淳,"周素卿
黃麗珠",國立臺灣大學,地理環境資源學研究所,碩士,90,2002,http://handle.ncl.edu.tw/11296/f6qm36,37,927,1,0,6
臺北市非創作樂團之音樂空間建構,陳曉偉,張長義,國立臺灣大學,地理環境資源學研究所,碩士,90,2002,http://handle.ncl.edu.tw/11296/8mpy76,25,545,0,0,0
生態旅遊地區遊客環境識覺與行為之研究－以福山植物園為例,田家駒,張長義,國立臺灣大學,地理環境資源學研究所,碩士,90,2002,http://handle.ncl.edu.tw/11296/qjrk8j,76,804,0,0,18
環境正義檢視鄰避設施選址決策之探討－以桃園縣南區焚化廠設置抗爭為例,葉名森,張長義,國立臺灣大學,地理環境資源學研究所,碩士,90,2002,http://handle.ncl.edu.tw/11296/ey7zq2,40,1391,0,320,0
碎形維度與空間形態之研究-台灣地區之聚落空間為例,陳亮瑜,蔡博文,國立臺灣大學,地理環境資源學研究所,碩士,90,2002,http://handle.ncl.edu.tw/11296/2558sq,22,1730,0,189,6
屏東縣車城鄉國立海洋生物博物館空間形塑過程之研究,鍾冠玉,張長義,國立臺灣大學,地理環境資源學研究所,碩士,90,2002,http://handle.ncl.edu.tw/11296/nc4gcr,6,237,0,0,6
神聖空間中的女性宗教活動研究--家、精舍、禪寺的連結,楊千惠,張長義,國立臺灣大學,地理環境資源學研究所,碩士,90,2002,http://handle.ncl.edu.tw/11296/y3fvng,7,451,0,0,11
網際地理參照資訊之挖掘與應用研究,曾偉綸,朱子豪,國立臺灣大學,地理環境資源學研究所,碩士,90,2002,http://handle.ncl.edu.tw/11296/4mh4bd,2,94,0,16,3
地方營造形構過程之研究─台北縣柑園之個案,蔡靜瑜,張長義,國立臺灣大學,地理環境資源學研究所,碩士,90,2002,http://handle.ncl.edu.tw/11296/34fdwn,9,281,0,0,0
921地震災害與災後重建之研究--以埔里蜈蚣里為例,魏玉蕙,張長義,國立臺灣大學,地理環境資源學研究所,碩士,90,2002,http://handle.ncl.edu.tw/11296/4etgcz,34,579,0,0,4
應用多時段SPOT影像監測山坡地違法開發現象----以南投縣為例,張立群,朱子豪,國立臺灣大學,地理環境資源學研究所,碩士,90,2002,http://handle.ncl.edu.tw/11296/j26m8q,7,239,0,48,0
數值高度模型之地形複雜度量度指標研究─以蝕溝等級為例,許秋玲,朱子豪,國立臺灣大學,地理環境資源學研究所,碩士,90,2002,http://handle.ncl.edu.tw/11296/8mz22a,24,527,0,98,0
降雨與地震對形成崩塌區位之比較研究,張子瑩,徐美玲,國立臺灣大學,地理環境資源學研究所,碩士,90,2002,http://handle.ncl.edu.tw/11296/5742x8,29,237,0,0,0
案例式推理於地理資訊系統的運用─以颱風路徑預測為例,許家成,"蔡博文
張長義",國立臺灣大學,地理環境資源學研究所,碩士,90,2002,http://handle.ncl.edu.tw/11296/jx6hm9,10,273,0,0,2
地震災害經驗與調適行為之比較研究--以臺南縣白河、臺中縣東勢為例,曹建宇,張長義,國立臺灣大學,地理環境資源學研究所,碩士,90,2002,http://handle.ncl.edu.tw/11296/vs7sw5,42,982,0,168,4
埔里牛尾庄九二一地震災後重建與聚落變遷,陳加奇,周素卿,國立臺灣大學,地理環境資源學研究所,碩士,90,2002,http://handle.ncl.edu.tw/11296/sy59q2,13,534,0,145,6
淡水河口地形變遷之研究,張菀文,林俊全,國立臺灣大學,地理環境資源學研究所,碩士,90,2002,http://handle.ncl.edu.tw/11296/7wugux,14,1841,0,0,3
屏東平原土地利用變遷分析與模式建立,丁志堅,"張長義
蔡博文",國立臺灣大學,地理環境資源學研究所,博士,90,2002,http://handle.ncl.edu.tw/11296/xg2be5,76,920,0,0,5
淹水災情網際網路回報及災情推估系統之建置,顏利玲,孫志鴻,國立臺灣大學,地理環境資源學研究所,碩士,90,2001,http://handle.ncl.edu.tw/11296/ubmyy3,17,394,0,95,7
地方與認同──宜蘭地區地方特質與認同政治間的關連,何致中,王秋原,國立臺灣大學,地理環境資源學研究所,博士,90,2002,http://handle.ncl.edu.tw/11296/gyhtdh,84,1515,0,370,14
應用獨立成分分析方法分離集水區河川污染源之研究,楊士興,孫志鴻,國立臺灣大學,地理環境資源學研究所,博士,89,2001,http://handle.ncl.edu.tw/11296/u8byvr,3,174,0,0,1
國一學生繪製地圖與地圖認知之研究,廖慧意,賴進貴,國立臺灣大學,地理環境資源學研究所,碩士,89,2001,http://handle.ncl.edu.tw/11296/6x9t58,38,358,0,0,3
高中地理教師地理資訊能力之研究,王淑芬,賴進貴,國立臺灣大學,地理環境資源學研究所,碩士,89,2001,http://handle.ncl.edu.tw/11296/b7yqch,16,175,0,0,3
社會鑲嵌取徑下的彰濱工業區與臺灣中部經濟發展之分析,林冠慧,張長義,國立臺灣大學,地理環境資源學研究所,碩士,89,2001,http://handle.ncl.edu.tw/11296/cm4a2p,9,254,0,0,2
台東縣卑南山礫岩分佈地區地景特質評估之研究,李筱娟,王鑫,國立臺灣大學,地理環境資源學研究所,碩士,89,2001,http://handle.ncl.edu.tw/11296/37sdp3,17,739,0,0,3
嘉義縣東石地區紅樹林分布變遷之研究,陳映志,李建堂,國立臺灣大學,地理環境資源學研究所,碩士,89,2001,http://handle.ncl.edu.tw/11296/84eq9s,8,351,0,0,3
整建住宅女性之城鄉遷移與定居:台北市南機場忠勤社區整宅之個案研究,劉美琴,周素卿,國立臺灣大學,地理環境資源學研究所,碩士,89,2001,http://handle.ncl.edu.tw/11296/w9cxtq,15,575,0,0,7
集集地震引發崩山之地貌分析--以清水溪集水區為例,鄒恬慈,林俊全,國立臺灣大學,地理環境資源學研究所,碩士,89,2001,http://handle.ncl.edu.tw/11296/58hhn6,11,160,0,0,1
河流景觀特質評估之研究--以台北縣雙溪為例,譚偲,王鑫,國立臺灣大學,地理環境資源學研究所,碩士,89,2001,http://handle.ncl.edu.tw/11296/gswz62,2,190,0,0,1
台商在東南亞投資的企業轉型歷程與地域條件─以檳城電子業台商為例,林俊甫,周素卿,國立臺灣大學,地理環境資源學研究所,碩士,89,2001,http://handle.ncl.edu.tw/11296/ph5695,11,813,0,152,3
遊憩活動對特殊地質、地形景點衝擊之研究─以東北角海岸國家風景區為例,吳佩茹,林俊全,國立臺灣大學,地理環境資源學研究所,碩士,89,2001,http://handle.ncl.edu.tw/11296/nbwg9q,22,522,0,152,5
觀光空間的商品化─以日月潭地區為例,陳秀萍,周素卿,國立臺灣大學,地理環境資源學研究所,碩士,89,2001,http://handle.ncl.edu.tw/11296/t47mug,34,1005,0,260,18
土石流發生之空間特性研究─以陳有蘭溪集水區為例,劉雲漢,姜善鑫,國立臺灣大學,地理環境資源學研究所,碩士,89,2001,http://handle.ncl.edu.tw/11296/w27j26,29,361,0,0,2
地形資料視覺化之比較研究,陳伯銜,賴進貴,國立臺灣大學,地理環境資源學研究所,碩士,89,2001,http://handle.ncl.edu.tw/11296/jn57x5,14,266,0,0,0
以自然語言為基礎的交通路網通阻系統之研究,游怡芳,孫志鴻,國立臺灣大學,地理環境資源學研究所,碩士,89,2001,http://handle.ncl.edu.tw/11296/m4v3a6,10,200,0,19,3
單一物流中心車輛途程問題求解模式之空間分析研究,陳致元,朱子豪,國立臺灣大學,地理環境資源學研究所,碩士,89,2001,http://handle.ncl.edu.tw/11296/f3g79y,13,394,0,93,2
建構主義在國中地理教學之應用─以「認識台灣地理篇」水文單元為例,林淑靜,王秋原,國立臺灣大學,地理環境資源學研究所,碩士,89,2001,http://handle.ncl.edu.tw/11296/6hnm4b,32,494,0,164,4
國民中學防震教育課程概念分析,林秀梅,王鑫,國立臺灣大學,地理環境資源學研究所,碩士,89,2001,http://handle.ncl.edu.tw/11296/2vrd95,91,711,0,171,5
建構論地理環境資源教學研究：一個高中教師的行動研究,楊慧鉑,王  鑫,國立臺灣大學,地理環境資源學研究所,博士,89,2001,http://handle.ncl.edu.tw/11296/4k44zu,22,456,0,142,11
科學園區與地方發展：台南科學工業園區量產前台南地區之區域變遷,郭俊麟,周素卿,國立臺灣大學,地理環境資源學研究所,碩士,89,2001,http://handle.ncl.edu.tw/11296/hn22gh,30,737,0,0,6
南湖大山地區之航照判讀與地勢分析,郭彥超,王鑫,國立臺灣大學,地理環境資源學研究所,碩士,89,2001,http://handle.ncl.edu.tw/11296/99qkc7,11,416,0,65,0
建置土地利用規劃整合空間資訊環境－－以地質敏感區為例,王駿智,朱子豪,國立臺灣大學,地理環境資源學研究所,碩士,89,2001,http://handle.ncl.edu.tw/11296/jza67j,7,176,0,0,2
竹苗區域的變遷歷程-新區域地理的歷史分析,施雅軒,王秋原,國立臺灣大學,地理環境資源學研究所,博士,89,2001,http://handle.ncl.edu.tw/11296/g838gb,24,670,0,0,4
